Year,Month,Median montly series,Season
1711,1,16.4,Winter
1711,2,73.1,Winter
1711,3,121.2,Spring
1711,4,85.2,Spring
1711,5,66.6,Spring
1711,6,66.6,Summer
1711,7,46.9,Summer
1711,8,91.7,Summer
1711,9,74.2,Autumn
1711,10,128.8,Autumn
1711,11,207.4,Autumn
1711,12,113.5,Winter
1712,1,42.6,Winter
1712,2,31.3,Winter
1712,3,83.9,Spring
1712,4,102.7,Spring
1712,5,60.1,Spring
1712,6,102.7,Summer
1712,7,200.4,Summer
1712,8,106.5,Summer
1712,9,111.5,Autumn
1712,10,180.4,Autumn
1712,11,175.4,Autumn
1712,12,55.1,Winter
1713,1,97.3,Winter
1713,2,107.1,Winter
1713,3,60.9,Spring
1713,4,30.5,Spring
1713,5,70.7,Spring
1713,6,76.6,Summer
1713,7,160.1,Summer
1713,8,127.7,Summer
1713,9,39.3,Autumn
1713,10,41.3,Autumn
1713,11,90.4,Autumn
1713,12,80.6,Winter
1714,1,42.4,Winter
1714,2,80.5,Winter
1714,3,53.9,Spring
1714,4,56.6,Spring
1714,5,41.6,Spring
1714,6,26.5,Summer
1714,7,150.3,Summer
1714,8,79.6,Summer
1714,9,66.3,Autumn
1714,10,114.1,Autumn
1714,11,82.2,Autumn
1714,12,90.2,Winter
1715,1,125.8,Winter
1715,2,69.2,Winter
1715,3,76.7,Spring
1715,4,135.9,Spring
1715,5,166.1,Spring
1715,6,106.9,Summer
1715,7,123.3,Summer
1715,8,108.2,Summer
1715,9,128.3,Autumn
1715,10,104.4,Autumn
1715,11,65.4,Autumn
1715,12,47.8,Winter
1716,1,17.8,Winter
1716,2,55.5,Winter
1716,3,37.7,Spring
1716,4,73.2,Spring
1716,5,128.7,Spring
1716,6,53.4,Summer
1716,7,75.3,Summer
1716,8,67.0,Summer
1716,9,193.6,Autumn
1716,10,144.4,Autumn
1716,11,122.4,Autumn
1716,12,77.4,Winter
1717,1,99.0,Winter
1717,2,73.3,Winter
1717,3,74.3,Spring
1717,4,94.1,Spring
1717,5,79.2,Spring
1717,6,74.3,Summer
1717,7,65.3,Summer
1717,8,93.1,Summer
1717,9,96.0,Autumn
1717,10,65.3,Autumn
1717,11,125.7,Autumn
1717,12,90.1,Winter
1718,1,62.5,Winter
1718,2,75.7,Winter
1718,3,71.0,Spring
1718,4,89.0,Spring
1718,5,68.2,Spring
1718,6,27.5,Summer
1718,7,60.6,Summer
1718,8,126.9,Summer
1718,9,34.1,Autumn
1718,10,95.6,Autumn
1718,11,80.5,Autumn
1718,12,164.8,Winter
1719,1,71.9,Winter
1719,2,118.9,Winter
1719,3,54.6,Spring
1719,4,70.9,Spring
1719,5,67.1,Spring
1719,6,45.1,Summer
1719,7,68.1,Summer
1719,8,70.0,Summer
1719,9,56.6,Autumn
1719,10,95.9,Autumn
1719,11,139.0,Autumn
1719,12,100.7,Winter
1720,1,144.0,Winter
1720,2,85.4,Winter
1720,3,103.7,Spring
1720,4,63.5,Spring
1720,5,87.9,Spring
1720,6,72.0,Summer
1720,7,101.3,Summer
1720,8,118.4,Summer
1720,9,91.5,Autumn
1720,10,119.6,Autumn
1720,11,109.8,Autumn
1720,12,123.3,Winter
1721,1,97.8,Winter
1721,2,59.1,Winter
1721,3,72.8,Spring
1721,4,131.9,Spring
1721,5,72.8,Spring
1721,6,106.9,Summer
1721,7,102.3,Summer
1721,8,125.1,Summer
1721,9,60.3,Autumn
1721,10,97.8,Autumn
1721,11,158.1,Autumn
1721,12,52.3,Winter
1722,1,71.4,Winter
1722,2,45.4,Winter
1722,3,100.9,Spring
1722,4,47.6,Spring
1722,5,181.4,Spring
1722,6,87.3,Summer
1722,7,145.1,Summer
1722,8,79.4,Summer
1722,9,46.5,Autumn
1722,10,65.8,Autumn
1722,11,114.5,Autumn
1722,12,148.5,Winter
1723,1,91.5,Winter
1723,2,137.3,Winter
1723,3,70.0,Spring
1723,4,67.4,Spring
1723,5,18.1,Spring
1723,6,36.3,Summer
1723,7,89.8,Summer
1723,8,47.5,Summer
1723,9,43.2,Autumn
1723,10,63.9,Autumn
1723,11,96.7,Autumn
1723,12,101.9,Winter
1724,1,134.6,Winter
1724,2,85.6,Winter
1724,3,91.8,Spring
1724,4,69.7,Spring
1724,5,62.4,Spring
1724,6,63.6,Summer
1724,7,105.2,Summer
1724,8,179.9,Summer
1724,9,111.3,Autumn
1724,10,51.4,Autumn
1724,11,68.5,Autumn
1724,12,199.4,Winter
1725,1,111.6,Winter
1725,2,50.4,Winter
1725,3,46.8,Spring
1725,4,108.0,Spring
1725,5,88.8,Spring
1725,6,129.6,Summer
1725,7,103.2,Summer
1725,8,135.6,Summer
1725,9,118.8,Autumn
1725,10,90.0,Autumn
1725,11,108.0,Autumn
1725,12,109.2,Winter
1726,1,119.1,Winter
1726,2,83.8,Winter
1726,3,49.6,Spring
1726,4,61.7,Spring
1726,5,73.9,Spring
1726,6,101.4,Summer
1726,7,88.2,Summer
1726,8,76.1,Summer
1726,9,153.2,Autumn
1726,10,92.6,Autumn
1726,11,103.6,Autumn
1726,12,99.2,Winter
1727,1,98.0,Winter
1727,2,105.0,Winter
1727,3,53.6,Spring
1727,4,105.0,Spring
1727,5,116.6,Spring
1727,6,86.3,Summer
1727,7,93.3,Summer
1727,8,68.8,Summer
1727,9,119.0,Autumn
1727,10,123.6,Autumn
1727,11,106.1,Autumn
1727,12,91.0,Winter
1728,1,122.7,Winter
1728,2,52.4,Winter
1728,3,92.9,Spring
1728,4,94.1,Spring
1728,5,69.1,Spring
1728,6,140.6,Summer
1728,7,82.2,Summer
1728,8,81.0,Summer
1728,9,110.8,Autumn
1728,10,94.1,Autumn
1728,11,131.0,Autumn
1728,12,120.3,Winter
1729,1,110.6,Winter
1729,2,52.0,Winter
1729,3,69.7,Spring
1729,4,26.5,Spring
1729,5,69.7,Spring
1729,6,82.9,Summer
1729,7,68.6,Summer
1729,8,80.7,Summer
1729,9,111.7,Autumn
1729,10,94.0,Autumn
1729,11,182.4,Autumn
1729,12,157.0,Winter
1730,1,73.4,Winter
1730,2,127.5,Winter
1730,3,92.6,Spring
1730,4,61.4,Spring
1730,5,117.9,Spring
1730,6,139.5,Summer
1730,7,99.9,Summer
1730,8,80.6,Summer
1730,9,72.2,Autumn
1730,10,129.9,Autumn
1730,11,108.3,Autumn
1730,12,99.9,Winter
1731,1,94.3,Winter
1731,2,96.1,Winter
1731,3,28.7,Spring
1731,4,26.9,Spring
1731,5,50.3,Spring
1731,6,35.9,Summer
1731,7,49.4,Summer
1731,8,80.8,Summer
1731,9,71.9,Autumn
1731,10,113.2,Autumn
1731,11,131.1,Autumn
1731,12,119.5,Winter
1732,1,122.5,Winter
1732,2,96.7,Winter
1732,3,93.3,Spring
1732,4,61.8,Spring
1732,5,118.0,Spring
1732,6,36.0,Summer
1732,7,98.9,Summer
1732,8,80.9,Summer
1732,9,111.3,Autumn
1732,10,130.4,Autumn
1732,11,55.1,Autumn
1732,12,119.2,Winter
1733,1,149.0,Winter
1733,2,127.2,Winter
1733,3,93.3,Spring
1733,4,61.8,Spring
1733,5,23.0,Spring
1733,6,60.6,Summer
1733,7,49.7,Summer
1733,8,116.3,Summer
1733,9,111.5,Autumn
1733,10,94.5,Autumn
1733,11,130.9,Autumn
1733,12,193.9,Winter
1734,1,94.3,Winter
1734,2,71.9,Winter
1734,3,102.6,Spring
1734,4,44.8,Spring
1734,5,117.9,Spring
1734,6,95.5,Summer
1734,7,127.4,Summer
1734,8,81.4,Summer
1734,9,110.8,Autumn
1734,10,93.2,Autumn
1734,11,82.5,Autumn
1734,12,156.8,Winter
1735,1,122.7,Winter
1735,2,96.0,Winter
1735,3,102.7,Spring
1735,4,93.4,Spring
1735,5,50.7,Spring
1735,6,96.0,Summer
1735,7,128.0,Summer
1735,8,116.0,Summer
1735,9,110.7,Autumn
1735,10,130.7,Autumn
1735,11,166.7,Autumn
1735,12,120.0,Winter
1736,1,149.8,Winter
1736,2,96.4,Winter
1736,3,68.7,Spring
1736,4,93.3,Spring
1736,5,99.5,Spring
1736,6,20.5,Summer
1736,7,49.2,Summer
1736,8,81.0,Summer
1736,9,71.8,Autumn
1736,10,94.4,Autumn
1736,11,81.0,Autumn
1736,12,120.0,Winter
1737,1,149.4,Winter
1737,2,127.3,Winter
1737,3,93.0,Spring
1737,4,94.1,Spring
1737,5,49.8,Spring
1737,6,60.9,Summer
1737,7,49.8,Summer
1737,8,116.2,Summer
1737,9,71.9,Autumn
1737,10,94.1,Autumn
1737,11,80.8,Autumn
1737,12,119.5,Winter
1738,1,149.7,Winter
1738,2,72.9,Winter
1738,3,69.1,Spring
1738,4,94.7,Spring
1738,5,117.7,Spring
1738,6,96.0,Summer
1738,7,48.6,Summer
1738,8,140.8,Summer
1738,9,111.3,Autumn
1738,10,152.3,Autumn
1738,11,107.5,Autumn
1738,12,119.0,Winter
1739,1,122.9,Winter
1739,2,96.1,Winter
1739,3,48.1,Spring
1739,4,61.5,Spring
1739,5,69.3,Spring
1739,6,96.1,Summer
1739,7,127.4,Summer
1739,8,116.2,Summer
1739,9,145.3,Autumn
1739,10,70.4,Autumn
1739,11,108.4,Autumn
1739,12,55.9,Winter
1740,1,35.0,Winter
1740,2,52.8,Winter
1740,3,48.2,Spring
1740,4,26.4,Spring
1740,5,69.9,Spring
1740,6,36.5,Summer
1740,7,68.4,Summer
1740,8,100.3,Summer
1740,9,111.1,Autumn
1740,10,70.7,Autumn
1740,11,80.8,Autumn
1740,12,76.9,Winter
1741,1,109.8,Winter
1741,2,52.9,Winter
1741,3,28.9,Spring
1741,4,26.4,Spring
1741,5,22.3,Spring
1741,6,61.1,Summer
1741,7,68.5,Summer
1741,8,66.1,Summer
1741,9,91.7,Autumn
1741,10,113.1,Autumn
1741,11,108.2,Autumn
1741,12,76.8,Winter
1742,1,123.3,Winter
1742,2,72.5,Winter
1742,3,29.2,Spring
1742,4,26.4,Spring
1742,5,49.9,Spring
1742,6,61.2,Summer
1742,7,81.9,Summer
1742,8,65.9,Summer
1742,9,71.5,Autumn
1742,10,151.6,Autumn
1742,11,108.3,Autumn
1742,12,99.8,Winter
1743,1,149.9,Winter
1743,2,96.2,Winter
1743,3,68.9,Spring
1743,4,94.2,Spring
1743,5,69.9,Spring
1743,6,36.5,Summer
1743,7,99.3,Summer
1743,8,49.6,Summer
1743,9,71.9,Autumn
1743,10,113.4,Autumn
1743,11,107.4,Autumn
1743,12,55.7,Winter
1744,1,73.8,Winter
1744,2,96.5,Winter
1744,3,102.1,Spring
1744,4,62.4,Spring
1744,5,49.9,Spring
1744,6,61.3,Summer
1744,7,82.8,Summer
1744,8,140.7,Summer
1744,9,145.3,Autumn
1744,10,152.1,Autumn
1744,11,131.7,Autumn
1744,12,36.3,Winter
1745,1,122.7,Winter
1745,2,52.1,Winter
1745,3,47.8,Spring
1745,4,61.9,Spring
1745,5,139.0,Spring
1745,6,95.6,Summer
1745,7,68.4,Summer
1745,8,141.2,Summer
1745,9,25.0,Autumn
1745,10,152.1,Autumn
1745,11,81.5,Autumn
1745,12,98.9,Winter
1746,1,110.1,Winter
1746,2,38.0,Winter
1746,3,93.1,Spring
1746,4,45.0,Spring
1746,5,22.0,Spring
1746,6,96.1,Summer
1746,7,156.1,Summer
1746,8,50.0,Summer
1746,9,92.1,Autumn
1746,10,70.1,Autumn
1746,11,108.1,Autumn
1746,12,120.1,Winter
1747,1,149.5,Winter
1747,2,72.7,Winter
1747,3,48.2,Spring
1747,4,44.9,Spring
1747,5,69.5,Spring
1747,6,61.3,Summer
1747,7,49.0,Summer
1747,8,49.8,Summer
1747,9,111.1,Autumn
1747,10,70.3,Autumn
1747,11,54.7,Autumn
1747,12,36.0,Winter
1748,1,74.0,Winter
1748,2,52.6,Winter
1748,3,92.7,Spring
1748,4,62.4,Spring
1748,5,99.0,Spring
1748,6,36.6,Summer
1748,7,99.0,Summer
1748,8,81.1,Summer
1748,9,71.3,Autumn
1748,10,113.2,Autumn
1748,11,54.4,Autumn
1748,12,55.3,Winter
1749,1,149.6,Winter
1749,2,51.7,Winter
1749,3,69.8,Spring
1749,4,94.3,Spring
1749,5,49.9,Spring
1749,6,36.3,Summer
1749,7,82.5,Summer
1749,8,100.7,Summer
1749,9,91.6,Autumn
1749,10,70.7,Autumn
1749,11,54.4,Autumn
1749,12,55.3,Winter
1750,1,73.9,Winter
1750,2,96.2,Winter
1750,3,69.9,Spring
1750,4,44.6,Spring
1750,5,22.3,Spring
1750,6,96.2,Summer
1750,7,99.3,Summer
1750,8,140.8,Summer
1750,9,71.9,Autumn
1750,10,113.4,Autumn
1750,11,107.4,Autumn
1750,12,77.0,Winter
1751,1,110.0,Winter
1751,2,72.6,Winter
1751,3,102.0,Spring
1751,4,62.4,Spring
1751,5,69.2,Spring
1751,6,20.4,Summer
1751,7,156.5,Summer
1751,8,116.8,Summer
1751,9,145.1,Autumn
1751,10,94.1,Autumn
1751,11,107.7,Autumn
1751,12,77.1,Winter
1752,1,123.0,Winter
1752,2,51.8,Winter
1752,3,48.5,Spring
1752,4,27.0,Spring
1752,5,117.6,Spring
1752,6,96.0,Summer
1752,7,156.4,Summer
1752,8,141.3,Summer
1752,9,111.1,Autumn
1752,10,70.1,Autumn
1752,11,80.9,Autumn
1752,12,55.0,Winter
1753,1,109.9,Winter
1753,2,126.4,Winter
1753,3,102.2,Spring
1753,4,62.7,Spring
1753,5,98.9,Spring
1753,6,83.5,Summer
1753,7,98.9,Summer
1753,8,116.5,Summer
1753,9,55.0,Autumn
1753,10,70.4,Autumn
1753,11,55.0,Autumn
1753,12,119.8,Winter
1754,1,149.2,Winter
1754,2,73.0,Winter
1754,3,69.9,Spring
1754,4,61.5,Spring
1754,5,69.9,Spring
1754,6,160.6,Summer
1754,7,99.1,Summer
1754,8,81.4,Summer
1754,9,54.2,Autumn
1754,10,70.9,Autumn
1754,11,54.2,Autumn
1754,12,99.1,Winter
1755,1,34.8,Winter
1755,2,38.4,Winter
1755,3,108.0,Spring
1755,4,128.4,Spring
1755,5,99.6,Spring
1755,6,96.0,Summer
1755,7,127.2,Summer
1755,8,100.8,Summer
1755,9,145.2,Autumn
1755,10,70.8,Autumn
1755,11,130.8,Autumn
1755,12,120.0,Winter
1756,1,149.0,Winter
1756,2,72.6,Winter
1756,3,68.7,Spring
1756,4,152.9,Spring
1756,5,117.9,Spring
1756,6,140.0,Summer
1756,7,99.8,Summer
1756,8,141.3,Summer
1756,9,92.0,Autumn
1756,10,151.6,Autumn
1756,11,54.4,Autumn
1756,12,55.7,Winter
1757,1,73.4,Winter
1757,2,39.3,Winter
1757,3,98.2,Spring
1757,4,113.7,Spring
1757,5,77.5,Spring
1757,6,46.5,Summer
1757,7,107.5,Summer
1757,8,173.6,Summer
1757,9,39.3,Autumn
1757,10,74.4,Autumn
1757,11,114.7,Autumn
1757,12,75.4,Winter
1758,1,69.4,Winter
1758,2,103.5,Winter
1758,3,81.5,Spring
1758,4,59.5,Spring
1758,5,52.9,Spring
1758,6,54.0,Summer
1758,7,186.1,Summer
1758,8,110.1,Summer
1758,9,69.4,Autumn
1758,10,85.9,Autumn
1758,11,99.1,Autumn
1758,12,130.0,Winter
1759,1,75.9,Winter
1759,2,28.6,Winter
1759,3,110.7,Spring
1759,4,65.2,Spring
1759,5,52.7,Spring
1759,6,102.7,Summer
1759,7,45.5,Summer
1759,8,80.4,Summer
1759,9,75.0,Autumn
1759,10,124.1,Autumn
1759,11,71.4,Autumn
1759,12,60.7,Winter
1760,1,101.4,Winter
1760,2,97.9,Winter
1760,3,25.3,Spring
1760,4,33.4,Spring
1760,5,56.5,Spring
1760,6,109.5,Summer
1760,7,41.5,Summer
1760,8,112.9,Summer
1760,9,121.0,Autumn
1760,10,169.4,Autumn
1760,11,148.6,Autumn
1760,12,134.8,Winter
1761,1,26.0,Winter
1761,2,83.9,Winter
1761,3,72.9,Spring
1761,4,66.9,Spring
1761,5,69.9,Spring
1761,6,81.9,Summer
1761,7,49.9,Summer
1761,8,88.9,Summer
1761,9,80.9,Autumn
1761,10,163.8,Autumn
1761,11,124.8,Autumn
1761,12,88.9,Winter
1762,1,82.1,Winter
1762,2,46.8,Winter
1762,3,87.4,Spring
1762,4,52.1,Spring
1762,5,30.0,Spring
1762,6,26.5,Summer
1762,7,54.8,Summer
1762,8,103.3,Summer
1762,9,89.2,Autumn
1762,10,200.5,Autumn
1762,11,75.9,Autumn
1762,12,34.4,Winter
1763,1,49.1,Winter
1763,2,99.4,Winter
1763,3,47.8,Spring
1763,4,96.9,Spring
1763,5,56.4,Spring
1763,6,110.4,Summer
1763,7,168.1,Summer
1763,8,128.8,Summer
1763,9,89.6,Autumn
1763,10,110.4,Autumn
1763,11,68.7,Autumn
1763,12,201.2,Winter
1764,1,188.4,Winter
1764,2,106.9,Winter
1764,3,51.7,Spring
1764,4,49.4,Spring
1764,5,56.3,Spring
1764,6,77.0,Summer
1764,7,137.9,Summer
1764,8,104.6,Summer
1764,9,88.5,Autumn
1764,10,103.4,Autumn
1764,11,105.7,Autumn
1764,12,79.3,Winter
1765,1,125.3,Winter
1765,2,58.8,Winter
1765,3,107.0,Spring
1765,4,118.6,Spring
1765,5,23.1,Spring
1765,6,44.4,Summer
1765,7,27.0,Summer
1765,8,97.4,Summer
1765,9,75.2,Autumn
1765,10,168.7,Autumn
1765,11,64.6,Autumn
1765,12,54.0,Winter
1766,1,7.2,Winter
1766,2,75.0,Winter
1766,3,25.3,Spring
1766,4,79.5,Spring
1766,5,132.8,Spring
1766,6,127.4,Summer
1766,7,85.8,Summer
1766,8,56.0,Summer
1766,9,90.4,Autumn
1766,10,101.2,Autumn
1766,11,62.3,Autumn
1766,12,60.5,Winter
1767,1,29.8,Winter
1767,2,116.0,Winter
1767,3,96.9,Spring
1767,4,22.4,Spring
1767,5,140.5,Spring
1767,6,17.0,Summer
1767,7,191.6,Summer
1767,8,102.2,Summer
1767,9,91.6,Autumn
1767,10,63.9,Autumn
1767,11,136.3,Autumn
1767,12,56.4,Winter
1768,1,67.6,Winter
1768,2,192.8,Winter
1768,3,39.4,Spring
1768,4,83.0,Spring
1768,5,53.5,Spring
1768,6,187.2,Summer
1768,7,161.8,Summer
1768,8,81.6,Summer
1768,9,159.0,Autumn
1768,10,105.5,Autumn
1768,11,164.7,Autumn
1768,12,111.2,Winter
1769,1,55.6,Winter
1769,2,71.8,Winter
1769,3,36.4,Spring
1769,4,46.5,Spring
1769,5,53.6,Spring
1769,6,145.7,Summer
1769,7,76.9,Summer
1769,8,137.6,Summer
1769,9,181.1,Autumn
1769,10,53.6,Autumn
1769,11,72.8,Autumn
1769,12,79.9,Winter
1770,1,43.2,Winter
1770,2,50.2,Winter
1770,3,74.8,Spring
1770,4,70.1,Spring
1770,5,61.9,Spring
1770,6,149.6,Summer
1770,7,81.8,Summer
1770,8,65.4,Summer
1770,9,113.3,Autumn
1770,10,93.5,Autumn
1770,11,224.3,Autumn
1770,12,140.2,Winter
1771,1,65.6,Winter
1771,2,32.3,Winter
1771,3,35.0,Spring
1771,4,39.5,Spring
1771,5,53.0,Spring
1771,6,53.0,Summer
1771,7,83.5,Summer
1771,8,122.2,Summer
1771,9,62.0,Autumn
1771,10,185.0,Autumn
1771,11,74.6,Autumn
1771,12,92.5,Winter
1772,1,82.4,Winter
1772,2,85.9,Winter
1772,3,80.1,Spring
1772,4,44.1,Spring
1772,5,73.1,Spring
1772,6,116.1,Summer
1772,7,74.3,Summer
1772,8,104.5,Summer
1772,9,171.8,Autumn
1772,10,114.9,Autumn
1772,11,159.0,Autumn
1772,12,54.6,Winter
1773,1,96.7,Winter
1773,2,63.2,Winter
1773,3,27.4,Spring
1773,4,69.2,Spring
1773,5,149.2,Spring
1773,6,50.1,Summer
1773,7,46.5,Summer
1773,8,83.5,Summer
1773,9,196.9,Autumn
1773,10,149.2,Autumn
1773,11,142.0,Autumn
1773,12,119.3,Winter
1774,1,110.3,Winter
1774,2,85.7,Winter
1774,3,43.3,Spring
1774,4,65.0,Spring
1774,5,74.8,Spring
1774,6,90.6,Summer
1774,7,104.4,Summer
1774,8,88.6,Summer
1774,9,151.6,Autumn
1774,10,40.4,Autumn
1774,11,61.0,Autumn
1774,12,68.9,Winter
1775,1,94.9,Winter
1775,2,123.6,Winter
1775,3,74.9,Spring
1775,4,35.0,Spring
1775,5,33.7,Spring
1775,6,48.7,Summer
1775,7,171.0,Summer
1775,8,159.8,Summer
1775,9,147.3,Autumn
1775,10,177.3,Autumn
1775,11,114.9,Autumn
1775,12,68.7,Winter
1776,1,47.7,Winter
1776,2,116.1,Winter
1776,3,48.7,Spring
1776,4,31.1,Spring
1776,5,41.5,Spring
1776,6,96.4,Summer
1776,7,129.6,Summer
1776,8,152.4,Summer
1776,9,143.0,Autumn
1776,10,69.4,Autumn
1776,11,94.3,Autumn
1776,12,66.3,Winter
1777,1,46.4,Winter
1777,2,61.9,Winter
1777,3,67.0,Spring
1777,4,76.3,Spring
1777,5,68.1,Spring
1777,6,112.4,Summer
1777,7,111.4,Summer
1777,8,106.2,Summer
1777,9,51.6,Autumn
1777,10,175.3,Autumn
1777,11,104.1,Autumn
1777,12,50.5,Winter
1778,1,80.4,Winter
1778,2,40.8,Winter
1778,3,73.2,Spring
1778,4,39.6,Spring
1778,5,97.2,Spring
1778,6,97.2,Summer
1778,7,175.2,Summer
1778,8,50.4,Summer
1778,9,79.2,Autumn
1778,10,181.2,Autumn
1778,11,132.0,Autumn
1778,12,153.6,Winter
1779,1,19.9,Winter
1779,2,34.6,Winter
1779,3,25.2,Spring
1779,4,71.3,Spring
1779,5,82.8,Spring
1779,6,83.9,Summer
1779,7,161.5,Summer
1779,8,36.7,Summer
1779,9,151.0,Autumn
1779,10,145.7,Autumn
1779,11,88.1,Autumn
1779,12,147.8,Winter
1780,1,34.5,Winter
1780,2,79.6,Winter
1780,3,61.9,Spring
1780,4,97.3,Spring
1780,5,68.1,Spring
1780,6,53.0,Summer
1780,7,68.1,Summer
1780,8,30.9,Summer
1780,9,157.4,Autumn
1780,10,139.7,Autumn
1780,11,85.8,Autumn
1780,12,16.8,Winter
1781,1,58.5,Winter
1781,2,106.3,Winter
1781,3,16.6,Spring
1781,4,67.3,Spring
1781,5,58.5,Spring
1781,6,105.3,Summer
1781,7,70.2,Summer
1781,8,131.6,Summer
1781,9,99.4,Autumn
1781,10,23.4,Autumn
1781,11,163.8,Autumn
1781,12,74.1,Winter
1782,1,115.7,Winter
1782,2,29.2,Winter
1782,3,78.0,Spring
1782,4,136.4,Spring
1782,5,142.5,Spring
1782,6,59.7,Summer
1782,7,86.5,Summer
1782,8,193.7,Summer
1782,9,148.6,Autumn
1782,10,113.3,Autumn
1782,11,57.3,Autumn
1782,12,57.3,Winter
1783,1,105.4,Winter
1783,2,86.9,Winter
1783,3,57.6,Spring
1783,4,16.3,Spring
1783,5,113.0,Spring
1783,6,106.5,Summer
1783,7,94.5,Summer
1783,8,141.2,Summer
1783,9,148.8,Autumn
1783,10,89.1,Autumn
1783,11,89.1,Autumn
1783,12,38.0,Winter
1784,1,80.7,Winter
1784,2,48.8,Winter
1784,3,54.4,Spring
1784,4,87.3,Spring
1784,5,74.1,Spring
1784,6,144.5,Summer
1784,7,109.8,Summer
1784,8,111.6,Summer
1784,9,59.1,Autumn
1784,10,17.8,Autumn
1784,11,89.1,Autumn
1784,12,61.0,Winter
1785,1,64.9,Winter
1785,2,21.6,Winter
1785,3,17.1,Spring
1785,4,23.4,Spring
1785,5,36.1,Spring
1785,6,43.3,Summer
1785,7,77.5,Summer
1785,8,196.5,Summer
1785,9,126.2,Autumn
1785,10,123.5,Autumn
1785,11,102.8,Autumn
1785,12,68.5,Winter
1786,1,90.1,Winter
1786,2,32.0,Winter
1786,3,35.8,Spring
1786,4,25.2,Spring
1786,5,83.3,Spring
1786,6,70.7,Summer
1786,7,63.9,Summer
1786,8,130.7,Summer
1786,9,176.3,Autumn
1786,10,73.6,Autumn
1786,11,83.3,Autumn
1786,12,103.6,Winter
1787,1,25.8,Winter
1787,2,73.9,Winter
1787,3,82.9,Spring
1787,4,43.7,Spring
1787,5,51.5,Spring
1787,6,69.4,Summer
1787,7,171.3,Summer
1787,8,105.3,Summer
1787,9,52.6,Autumn
1787,10,211.6,Autumn
1787,11,108.6,Autumn
1787,12,123.2,Winter
1788,1,67.6,Winter
1788,2,64.1,Winter
1788,3,57.2,Spring
1788,4,51.6,Spring
1788,5,36.9,Spring
1788,6,44.6,Summer
1788,7,115.7,Summer
1788,8,68.3,Summer
1788,9,77.4,Autumn
1788,10,53.0,Autumn
1788,11,42.5,Autumn
1788,12,18.1,Winter
1789,1,87.6,Winter
1789,2,114.4,Winter
1789,3,29.2,Spring
1789,4,71.8,Spring
1789,5,96.1,Spring
1789,6,137.5,Summer
1789,7,144.8,Summer
1789,8,28.0,Summer
1789,9,110.8,Autumn
1789,10,154.6,Autumn
1789,11,97.4,Autumn
1789,12,144.8,Winter
1790,1,98.2,Winter
1790,2,33.8,Winter
1790,3,22.2,Spring
1790,4,37.0,Spring
1790,5,78.1,Spring
1790,6,98.2,Summer
1790,7,133.1,Summer
1790,8,99.3,Summer
1790,9,106.7,Autumn
1790,10,72.9,Autumn
1790,11,105.6,Autumn
1790,12,171.1,Winter
1791,1,150.1,Winter
1791,2,91.2,Winter
1791,3,45.6,Spring
1791,4,89.0,Spring
1791,5,60.1,Spring
1791,6,32.3,Summer
1791,7,107.9,Summer
1791,8,121.2,Summer
1791,9,46.7,Autumn
1791,10,106.8,Autumn
1791,11,140.1,Autumn
1791,12,121.2,Winter
1792,1,87.6,Winter
1792,2,86.3,Winter
1792,3,102.0,Spring
1792,4,119.0,Spring
1792,5,104.6,Spring
1792,6,60.2,Summer
1792,7,109.9,Summer
1792,8,167.4,Summer
1792,9,155.6,Autumn
1792,10,117.7,Autumn
1792,11,51.0,Autumn
1792,12,146.5,Winter
1793,1,75.4,Winter
1793,2,121.2,Winter
1793,3,94.5,Spring
1793,4,59.2,Spring
1793,5,40.1,Spring
1793,6,68.7,Summer
1793,7,57.3,Summer
1793,8,112.6,Summer
1793,9,74.4,Autumn
1793,10,68.7,Autumn
1793,11,88.8,Autumn
1793,12,93.5,Winter
1794,1,48.2,Winter
1794,2,127.4,Winter
1794,3,64.3,Spring
1794,4,108.8,Spring
1794,5,59.4,Spring
1794,6,32.1,Summer
1794,7,101.4,Summer
1794,8,102.6,Summer
1794,9,111.3,Autumn
1794,10,132.3,Autumn
1794,11,226.3,Autumn
1794,12,122.4,Winter
1795,1,71.2,Winter
1795,2,103.0,Winter
1795,3,85.5,Spring
1795,4,91.0,Spring
1795,5,28.5,Spring
1795,6,101.9,Summer
1795,7,57.0,Summer
1795,8,64.7,Summer
1795,9,16.4,Autumn
1795,10,222.5,Autumn
1795,11,137.0,Autumn
1795,12,117.3,Winter
1796,1,123.4,Winter
1796,2,72.0,Winter
1796,3,29.7,Spring
1796,4,40.5,Spring
1796,5,130.6,Spring
1796,6,59.4,Summer
1796,7,127.0,Summer
1796,8,20.7,Summer
1796,9,101.7,Autumn
1796,10,54.9,Autumn
1796,11,56.7,Autumn
1796,12,83.7,Winter
1797,1,62.8,Winter
1797,2,21.3,Winter
1797,3,68.1,Spring
1797,4,57.4,Spring
1797,5,97.8,Spring
1797,6,52.1,Summer
1797,7,95.7,Summer
1797,8,153.2,Summer
1797,9,125.5,Autumn
1797,10,100.0,Autumn
1797,11,98.9,Autumn
1797,12,130.8,Winter
1798,1,114.7,Winter
1798,2,49.4,Winter
1798,3,35.6,Spring
1798,4,69.2,Spring
1798,5,37.6,Spring
1798,6,50.4,Summer
1798,7,163.2,Summer
1798,8,73.2,Summer
1798,9,125.6,Autumn
1798,10,86.0,Autumn
1798,11,127.6,Autumn
1798,12,56.4,Winter
1799,1,67.8,Winter
1799,2,111.8,Winter
1799,3,55.9,Spring
1799,4,119.4,Spring
1799,5,59.2,Spring
1799,6,46.2,Summer
1799,7,74.2,Summer
1799,8,142.0,Summer
1799,9,109.7,Autumn
1799,10,129.1,Autumn
1799,11,101.1,Autumn
1799,12,59.2,Winter
1800,1,134.8,Winter
1800,2,47.6,Winter
1800,3,44.6,Spring
1800,4,128.9,Spring
1800,5,77.3,Spring
1800,6,25.8,Summer
1800,7,27.8,Summer
1800,8,28.7,Summer
1800,9,127.9,Autumn
1800,10,127.9,Autumn
1800,11,115.0,Autumn
1800,12,105.1,Winter
1801,1,112.8,Winter
1801,2,77.2,Winter
1801,3,86.4,Spring
1801,4,26.4,Spring
1801,5,66.0,Spring
1801,6,28.4,Summer
1801,7,148.3,Summer
1801,8,22.4,Summer
1801,9,110.7,Autumn
1801,10,132.1,Autumn
1801,11,107.7,Autumn
1801,12,97.5,Winter
1802,1,66.8,Winter
1802,2,90.5,Winter
1802,3,46.3,Spring
1802,4,71.1,Spring
1802,5,26.9,Spring
1802,6,76.5,Summer
1802,7,172.4,Summer
1802,8,99.1,Summer
1802,9,62.5,Autumn
1802,10,147.6,Autumn
1802,11,72.2,Autumn
1802,12,145.5,Winter
1803,1,59.1,Winter
1803,2,74.8,Winter
1803,3,52.6,Spring
1803,4,57.5,Spring
1803,5,78.0,Spring
1803,6,64.1,Summer
1803,7,31.2,Summer
1803,8,77.2,Summer
1803,9,55.0,Autumn
1803,10,29.6,Autumn
1803,11,101.9,Autumn
1803,12,140.5,Winter
1804,1,158.4,Winter
1804,2,34.4,Winter
1804,3,126.3,Spring
1804,4,58.5,Spring
1804,5,101.0,Spring
1804,6,63.1,Summer
1804,7,82.6,Summer
1804,8,134.3,Summer
1804,9,36.7,Autumn
1804,10,160.7,Autumn
1804,11,102.2,Autumn
1804,12,89.5,Winter
1805,1,110.1,Winter
1805,2,73.7,Winter
1805,3,73.7,Spring
1805,4,34.6,Spring
1805,5,60.1,Spring
1805,6,52.8,Summer
1805,7,132.0,Summer
1805,8,100.1,Summer
1805,9,91.9,Autumn
1805,10,39.1,Autumn
1805,11,25.5,Autumn
1805,12,116.5,Winter
1806,1,132.1,Winter
1806,2,84.6,Winter
1806,3,45.2,Spring
1806,4,37.1,Spring
1806,5,92.7,Spring
1806,6,39.4,Summer
1806,7,104.3,Summer
1806,8,112.4,Summer
1806,9,88.1,Autumn
1806,10,76.5,Autumn
1806,11,179.6,Autumn
1806,12,166.9,Winter
1807,1,67.3,Winter
1807,2,76.0,Winter
1807,3,25.0,Spring
1807,4,50.0,Spring
1807,5,111.9,Spring
1807,6,55.4,Summer
1807,7,104.3,Summer
1807,8,127.1,Summer
1807,9,168.4,Autumn
1807,10,136.9,Autumn
1807,11,91.2,Autumn
1807,12,72.8,Winter
1808,1,71.9,Winter
1808,2,55.4,Winter
1808,3,17.5,Spring
1808,4,66.7,Spring
1808,5,86.3,Spring
1808,6,63.7,Summer
1808,7,135.5,Summer
1808,8,150.9,Summer
1808,9,58.5,Autumn
1808,10,140.7,Autumn
1808,11,105.8,Autumn
1808,12,73.9,Winter
1809,1,126.9,Winter
1809,2,98.9,Winter
1809,3,40.7,Spring
1809,4,66.4,Spring
1809,5,83.8,Spring
1809,6,86.1,Summer
1809,7,59.4,Summer
1809,8,202.6,Summer
1809,9,132.7,Autumn
1809,10,55.9,Autumn
1809,11,69.8,Autumn
1809,12,140.9,Winter
1810,1,71.3,Winter
1810,2,56.2,Winter
1810,3,88.4,Spring
1810,4,44.2,Spring
1810,5,26.1,Spring
1810,6,42.2,Summer
1810,7,122.5,Summer
1810,8,107.4,Summer
1810,9,73.3,Autumn
1810,10,91.4,Autumn
1810,11,139.6,Autumn
1810,12,141.6,Winter
1811,1,74.4,Winter
1811,2,124.4,Winter
1811,3,76.8,Spring
1811,4,95.4,Spring
1811,5,129.1,Spring
1811,6,57.0,Summer
1811,7,64.0,Summer
1811,8,121.0,Summer
1811,9,48.8,Autumn
1811,10,134.9,Autumn
1811,11,121.0,Autumn
1811,12,116.3,Winter
1812,1,59.3,Winter
1812,2,132.7,Winter
1812,3,88.5,Spring
1812,4,41.0,Spring
1812,5,97.1,Spring
1812,6,83.1,Summer
1812,7,82.0,Summer
1812,8,84.1,Summer
1812,9,80.9,Autumn
1812,10,170.4,Autumn
1812,11,116.5,Autumn
1812,12,43.1,Winter
1813,1,82.8,Winter
1813,2,138.0,Winter
1813,3,44.0,Spring
1813,4,58.3,Spring
1813,5,114.5,Spring
1813,6,49.1,Summer
1813,7,84.9,Summer
1813,8,38.9,Summer
1813,9,103.3,Autumn
1813,10,150.3,Autumn
1813,11,106.3,Autumn
1813,12,52.1,Winter
1814,1,29.7,Winter
1814,2,57.2,Winter
1814,3,44.5,Spring
1814,4,101.7,Spring
1814,5,50.8,Spring
1814,6,58.3,Summer
1814,7,77.3,Summer
1814,8,81.6,Summer
1814,9,39.2,Autumn
1814,10,137.7,Autumn
1814,11,191.7,Autumn
1814,12,188.5,Winter
1815,1,48.8,Winter
1815,2,90.3,Winter
1815,3,111.0,Spring
1815,4,39.4,Spring
1815,5,95.5,Spring
1815,6,82.0,Summer
1815,7,52.9,Summer
1815,8,100.7,Summer
1815,9,121.4,Autumn
1815,10,133.9,Autumn
1815,11,83.0,Autumn
1815,12,78.9,Winter
1816,1,73.4,Winter
1816,2,43.1,Winter
1816,3,68.7,Spring
1816,4,61.8,Spring
1816,5,103.7,Spring
1816,6,76.9,Summer
1816,7,163.1,Summer
1816,8,90.9,Summer
1816,9,136.3,Autumn
1816,10,146.8,Autumn
1816,11,64.1,Autumn
1816,12,136.3,Winter
1817,1,86.1,Winter
1817,2,111.8,Winter
1817,3,86.1,Spring
1817,4,8.9,Spring
1817,5,59.2,Spring
1817,6,106.2,Summer
1817,7,158.7,Summer
1817,8,157.6,Summer
1817,9,35.8,Autumn
1817,10,43.6,Autumn
1817,11,140.8,Autumn
1817,12,122.9,Winter
1818,1,151.3,Winter
1818,2,84.1,Winter
1818,3,153.7,Spring
1818,4,135.7,Spring
1818,5,50.4,Spring
1818,6,68.4,Summer
1818,7,79.3,Summer
1818,8,37.2,Summer
1818,9,121.3,Autumn
1818,10,129.7,Autumn
1818,11,110.5,Autumn
1818,12,79.3,Winter
1819,1,158.8,Winter
1819,2,121.1,Winter
1819,3,51.4,Spring
1819,4,68.5,Spring
1819,5,94.8,Spring
1819,6,102.8,Summer
1819,7,76.5,Summer
1819,8,65.1,Summer
1819,9,82.3,Autumn
1819,10,110.8,Autumn
1819,11,88.0,Autumn
1819,12,122.2,Winter
1820,1,73.7,Winter
1820,2,39.8,Winter
1820,3,77.6,Spring
1820,4,39.8,Spring
1820,5,140.6,Spring
1820,6,66.9,Summer
1820,7,50.4,Summer
1820,8,125.1,Summer
1820,9,86.3,Autumn
1820,10,95.0,Autumn
1820,11,69.8,Autumn
1820,12,104.7,Winter
1821,1,57.7,Winter
1821,2,17.4,Winter
1821,3,117.7,Spring
1821,4,109.0,Spring
1821,5,59.9,Spring
1821,6,12.0,Summer
1821,7,55.6,Summer
1821,8,100.2,Summer
1821,9,124.2,Autumn
1821,10,102.4,Autumn
1821,11,156.9,Autumn
1821,12,176.5,Winter
1822,1,50.9,Winter
1822,2,107.7,Winter
1822,3,122.7,Spring
1822,4,69.5,Spring
1822,5,54.4,Spring
1822,6,34.7,Summer
1822,7,191.0,Summer
1822,8,104.2,Summer
1822,9,53.3,Autumn
1822,10,150.5,Autumn
1822,11,163.2,Autumn
1822,12,55.6,Winter
1823,1,81.9,Winter
1823,2,94.7,Winter
1823,3,85.4,Spring
1823,4,86.5,Spring
1823,5,126.3,Spring
1823,6,44.4,Summer
1823,7,164.9,Summer
1823,8,115.8,Summer
1823,9,90.1,Autumn
1823,10,87.7,Autumn
1823,11,52.6,Autumn
1823,12,139.2,Winter
1824,1,72.1,Winter
1824,2,52.8,Winter
1824,3,74.1,Spring
1824,4,55.8,Spring
1824,5,20.3,Spring
1824,6,54.8,Summer
1824,7,35.5,Summer
1824,8,58.9,Summer
1824,9,90.3,Autumn
1824,10,191.8,Autumn
1824,11,155.3,Autumn
1824,12,153.3,Winter
1825,1,86.2,Winter
1825,2,48.2,Winter
1825,3,65.6,Spring
1825,4,52.3,Spring
1825,5,88.2,Spring
1825,6,72.8,Summer
1825,7,20.5,Summer
1825,8,88.2,Summer
1825,9,104.6,Autumn
1825,10,145.7,Autumn
1825,11,130.3,Autumn
1825,12,123.1,Winter
1826,1,77.2,Winter
1826,2,160.6,Winter
1826,3,60.3,Spring
1826,4,50.6,Spring
1826,5,17.7,Spring
1826,6,8.9,Summer
1826,7,68.3,Summer
1826,8,100.3,Summer
1826,9,72.8,Autumn
1826,10,109.1,Autumn
1826,11,76.3,Autumn
1826,12,83.4,Winter
1827,1,78.9,Winter
1827,2,42.1,Winter
1827,3,155.7,Spring
1827,4,55.7,Spring
1827,5,90.4,Spring
1827,6,91.5,Summer
1827,7,66.3,Summer
1827,8,92.5,Summer
1827,9,70.5,Autumn
1827,10,92.5,Autumn
1827,11,65.2,Autumn
1827,12,150.4,Winter
1828,1,125.7,Winter
1828,2,101.3,Winter
1828,3,62.2,Spring
1828,4,113.5,Spring
1828,5,62.2,Spring
1828,6,67.1,Summer
1828,7,153.8,Summer
1828,8,119.6,Summer
1828,9,64.7,Autumn
1828,10,70.8,Autumn
1828,11,119.6,Autumn
1828,12,159.9,Winter
1829,1,41.1,Winter
1829,2,59.7,Winter
1829,3,42.1,Spring
1829,4,111.6,Spring
1829,5,40.2,Spring
1829,6,72.5,Summer
1829,7,109.7,Summer
1829,8,183.1,Summer
1829,9,83.2,Autumn
1829,10,116.5,Autumn
1829,11,62.7,Autumn
1829,12,56.8,Winter
1830,1,40.1,Winter
1830,2,72.1,Winter
1830,3,68.1,Spring
1830,4,79.2,Spring
1830,5,80.2,Spring
1830,6,61.1,Summer
1830,7,105.2,Summer
1830,8,81.2,Summer
1830,9,130.3,Autumn
1830,10,63.1,Autumn
1830,11,120.2,Autumn
1830,12,101.2,Winter
1831,1,45.1,Winter
1831,2,91.2,Winter
1831,3,109.2,Spring
1831,4,42.8,Spring
1831,5,21.4,Spring
1831,6,71.0,Summer
1831,7,84.5,Summer
1831,8,74.3,Summer
1831,9,84.5,Autumn
1831,10,146.4,Autumn
1831,11,194.8,Autumn
1831,12,161.1,Winter
1832,1,46.8,Winter
1832,2,56.3,Winter
1832,3,80.2,Spring
1832,4,57.3,Spring
1832,5,42.0,Spring
1832,6,94.5,Summer
1832,7,42.0,Summer
1832,8,108.8,Summer
1832,9,40.1,Autumn
1832,10,113.6,Autumn
1832,11,127.9,Autumn
1832,12,145.1,Winter
1833,1,24.4,Winter
1833,2,137.0,Winter
1833,3,34.8,Spring
1833,4,69.7,Spring
1833,5,47.6,Spring
1833,6,126.5,Summer
1833,7,70.8,Summer
1833,8,51.1,Summer
1833,9,117.2,Autumn
1833,10,118.4,Autumn
1833,11,159.0,Autumn
1833,12,204.3,Winter
1834,1,184.3,Winter
1834,2,98.2,Winter
1834,3,65.8,Spring
1834,4,14.2,Spring
1834,5,45.6,Spring
1834,6,101.3,Summer
1834,7,113.4,Summer
1834,8,82.0,Summer
1834,9,79.0,Autumn
1834,10,88.1,Autumn
1834,11,78.0,Autumn
1834,12,62.8,Winter
1835,1,82.7,Winter
1835,2,145.5,Winter
1835,3,88.2,Spring
1835,4,29.8,Spring
1835,5,105.8,Spring
1835,6,38.6,Summer
1835,7,83.8,Summer
1835,8,76.1,Summer
1835,9,137.8,Autumn
1835,10,114.7,Autumn
1835,11,137.8,Autumn
1835,12,61.7,Winter
1836,1,98.2,Winter
1836,2,47.5,Winter
1836,3,115.9,Spring
1836,4,56.3,Spring
1836,5,8.8,Spring
1836,6,83.9,Summer
1836,7,143.5,Summer
1836,8,59.6,Summer
1836,9,128.0,Autumn
1836,10,125.8,Autumn
1836,11,140.2,Autumn
1836,12,96.0,Winter
1837,1,62.8,Winter
1837,2,118.6,Winter
1837,3,35.9,Spring
1837,4,63.8,Spring
1837,5,53.8,Spring
1837,6,61.8,Summer
1837,7,116.6,Summer
1837,8,71.8,Summer
1837,9,79.7,Autumn
1837,10,100.7,Autumn
1837,11,109.6,Autumn
1837,12,121.6,Winter
1838,1,53.8,Winter
1838,2,83.8,Winter
1838,3,85.9,Spring
1838,4,75.5,Spring
1838,5,47.6,Spring
1838,6,97.2,Summer
1838,7,106.5,Summer
1838,8,114.8,Summer
1838,9,59.0,Autumn
1838,10,84.8,Autumn
1838,11,143.8,Autumn
1838,12,81.7,Winter
1839,1,76.0,Winter
1839,2,78.3,Winter
1839,3,92.1,Spring
1839,4,51.8,Spring
1839,5,23.0,Spring
1839,6,89.8,Summer
1839,7,127.8,Summer
1839,8,110.5,Summer
1839,9,163.5,Autumn
1839,10,117.4,Autumn
1839,11,108.2,Autumn
1839,12,112.8,Winter
1840,1,133.8,Winter
1840,2,72.4,Winter
1840,3,11.9,Spring
1840,4,28.4,Spring
1840,5,83.4,Spring
1840,6,68.7,Summer
1840,7,86.2,Summer
1840,8,100.8,Summer
1840,9,77.9,Autumn
1840,10,48.6,Autumn
1840,11,121.0,Autumn
1840,12,83.4,Winter
1841,1,66.5,Winter
1841,2,69.7,Winter
1841,3,90.5,Spring
1841,4,52.0,Spring
1841,5,64.5,Spring
1841,6,67.6,Summer
1841,7,81.1,Summer
1841,8,108.1,Summer
1841,9,93.6,Autumn
1841,10,138.3,Autumn
1841,11,104.0,Autumn
1841,12,104.0,Winter
1842,1,89.2,Winter
1842,2,95.2,Winter
1842,3,93.2,Spring
1842,4,16.8,Spring
1842,5,98.1,Spring
1842,6,60.5,Summer
1842,7,105.1,Summer
1842,8,50.5,Summer
1842,9,93.2,Autumn
1842,10,57.5,Autumn
1842,11,157.6,Autumn
1842,12,74.3,Winter
1843,1,81.8,Winter
1843,2,53.2,Winter
1843,3,61.1,Spring
1843,4,102.5,Spring
1843,5,116.3,Spring
1843,6,76.9,Summer
1843,7,77.9,Summer
1843,8,97.6,Summer
1843,9,46.3,Autumn
1843,10,125.2,Autumn
1843,11,104.5,Autumn
1843,12,42.4,Winter
1844,1,70.9,Winter
1844,2,104.0,Winter
1844,3,79.4,Spring
1844,4,38.8,Spring
1844,5,7.6,Spring
1844,6,73.8,Summer
1844,7,75.7,Summer
1844,8,106.9,Summer
1844,9,68.1,Autumn
1844,10,142.8,Autumn
1844,11,115.4,Autumn
1844,12,62.4,Winter
1845,1,140.5,Winter
1845,2,46.5,Winter
1845,3,50.8,Spring
1845,4,65.9,Spring
1845,5,46.5,Spring
1845,6,105.9,Summer
1845,7,117.8,Summer
1845,8,78.9,Summer
1845,9,65.9,Autumn
1845,10,123.2,Autumn
1845,11,135.1,Autumn
1845,12,103.8,Winter
1846,1,125.5,Winter
1846,2,61.5,Winter
1846,3,111.3,Spring
1846,4,134.9,Spring
1846,5,61.5,Spring
1846,6,54.4,Summer
1846,7,98.2,Summer
1846,8,136.1,Summer
1846,9,79.3,Autumn
1846,10,156.2,Autumn
1846,11,120.7,Autumn
1846,12,43.8,Winter
1847,1,113.2,Winter
1847,2,67.9,Winter
1847,3,54.5,Spring
1847,4,88.5,Spring
1847,5,111.1,Spring
1847,6,47.3,Summer
1847,7,39.1,Summer
1847,8,48.4,Summer
1847,9,66.9,Autumn
1847,10,86.4,Autumn
1847,11,113.2,Autumn
1847,12,192.4,Winter
1848,1,79.4,Winter
1848,2,144.7,Winter
1848,3,93.7,Spring
1848,4,97.2,Spring
1848,5,37.9,Spring
1848,6,98.4,Summer
1848,7,88.9,Summer
1848,8,170.7,Summer
1848,9,77.1,Autumn
1848,10,119.8,Autumn
1848,11,64.0,Autumn
1848,12,113.8,Winter
1849,1,114.5,Winter
1849,2,45.4,Winter
1849,3,37.8,Spring
1849,4,103.7,Spring
1849,5,82.1,Spring
1849,6,19.4,Summer
1849,7,86.4,Summer
1849,8,103.7,Summer
1849,9,142.5,Autumn
1849,10,130.7,Autumn
1849,11,93.9,Autumn
1849,12,119.9,Winter
1850,1,113.5,Winter
1850,2,86.4,Winter
1850,3,38.6,Spring
1850,4,138.3,Spring
1850,5,59.7,Spring
1850,6,54.5,Summer
1850,7,103.4,Summer
1850,8,76.3,Summer
1850,9,70.5,Autumn
1850,10,62.7,Autumn
1850,11,113.1,Autumn
1850,12,104.0,Winter
1851,1,195.0,Winter
1851,2,55.2,Winter
1851,3,79.9,Spring
1851,4,54.7,Spring
1851,5,45.0,Spring
1851,6,101.5,Summer
1851,7,90.3,Summer
1851,8,96.6,Summer
1851,9,49.4,Autumn
1851,10,113.4,Autumn
1851,11,45.4,Autumn
1851,12,68.8,Winter
1852,1,161.4,Winter
1852,2,92.4,Winter
1852,3,44.6,Spring
1852,4,44.4,Spring
1852,5,70.2,Spring
1852,6,179.4,Summer
1852,7,68.6,Summer
1852,8,110.1,Summer
1852,9,57.3,Autumn
1852,10,88.7,Autumn
1852,11,223.2,Autumn
1852,12,208.2,Winter
1853,1,144.7,Winter
1853,2,43.0,Winter
1853,3,83.5,Spring
1853,4,75.3,Spring
1853,5,33.2,Spring
1853,6,77.5,Summer
1853,7,100.5,Summer
1853,8,82.9,Summer
1853,9,60.2,Autumn
1853,10,185.1,Autumn
1853,11,106.0,Autumn
1853,12,48.4,Winter
1854,1,138.6,Winter
1854,2,36.0,Winter
1854,3,37.3,Spring
1854,4,18.8,Spring
1854,5,100.0,Spring
1854,6,110.4,Summer
1854,7,102.6,Summer
1854,8,60.5,Summer
1854,9,47.8,Autumn
1854,10,77.8,Autumn
1854,11,74.6,Autumn
1854,12,94.9,Winter
1855,1,16.5,Winter
1855,2,59.1,Winter
1855,3,86.0,Spring
1855,4,36.7,Spring
1855,5,79.8,Spring
1855,6,68.2,Summer
1855,7,84.1,Summer
1855,8,105.0,Summer
1855,9,50.7,Autumn
1855,10,103.2,Autumn
1855,11,49.2,Autumn
1855,12,87.4,Winter
1856,1,111.6,Winter
1856,2,82.0,Winter
1856,3,35.9,Spring
1856,4,76.2,Spring
1856,5,124.1,Spring
1856,6,59.6,Summer
1856,7,44.7,Summer
1856,8,87.7,Summer
1856,9,91.7,Autumn
1856,10,82.4,Autumn
1856,11,39.3,Autumn
1856,12,115.3,Winter
1857,1,97.2,Winter
1857,2,56.7,Winter
1857,3,98.3,Spring
1857,4,118.7,Spring
1857,5,53.8,Spring
1857,6,81.7,Summer
1857,7,59.4,Summer
1857,8,66.4,Summer
1857,9,90.6,Autumn
1857,10,80.4,Autumn
1857,11,95.7,Autumn
1857,12,64.4,Winter
1858,1,61.4,Winter
1858,2,69.7,Winter
1858,3,51.7,Spring
1858,4,143.5,Spring
1858,5,86.4,Spring
1858,6,43.0,Summer
1858,7,83.0,Summer
1858,8,69.5,Summer
1858,9,85.3,Autumn
1858,10,83.2,Autumn
1858,11,68.6,Autumn
1858,12,141.1,Winter
1859,1,89.8,Winter
1859,2,51.0,Winter
1859,3,90.1,Spring
1859,4,106.9,Spring
1859,5,16.3,Spring
1859,6,36.5,Summer
1859,7,63.1,Summer
1859,8,90.3,Summer
1859,9,132.4,Autumn
1859,10,76.9,Autumn
1859,11,120.0,Autumn
1859,12,115.9,Winter
1860,1,164.6,Winter
1860,2,52.1,Winter
1860,3,86.2,Spring
1860,4,56.4,Spring
1860,5,101.4,Spring
1860,6,154.4,Summer
1860,7,68.3,Summer
1860,8,152.2,Summer
1860,9,52.3,Autumn
1860,10,76.7,Autumn
1860,11,90.9,Autumn
1860,12,88.4,Winter
1861,1,88.9,Winter
1861,2,90.3,Winter
1861,3,120.5,Spring
1861,4,36.0,Spring
1861,5,18.2,Spring
1861,6,99.4,Summer
1861,7,164.4,Summer
1861,8,165.0,Summer
1861,9,174.7,Autumn
1861,10,99.2,Autumn
1861,11,114.5,Autumn
1861,12,78.5,Winter
1862,1,158.9,Winter
1862,2,41.5,Winter
1862,3,104.2,Spring
1862,4,100.0,Spring
1862,5,100.5,Spring
1862,6,91.4,Summer
1862,7,100.2,Summer
1862,8,76.7,Summer
1862,9,63.8,Autumn
1862,10,152.4,Autumn
1862,11,87.8,Autumn
1862,12,126.7,Winter
1863,1,104.0,Winter
1863,2,47.3,Winter
1863,3,100.7,Spring
1863,4,55.5,Spring
1863,5,59.5,Spring
1863,6,83.9,Summer
1863,7,26.7,Summer
1863,8,124.9,Summer
1863,9,114.5,Autumn
1863,10,172.7,Autumn
1863,11,124.0,Autumn
1863,12,94.7,Winter
1864,1,79.9,Winter
1864,2,51.2,Winter
1864,3,88.2,Spring
1864,4,45.8,Spring
1864,5,52.6,Spring
1864,6,80.0,Summer
1864,7,39.7,Summer
1864,8,54.8,Summer
1864,9,96.8,Autumn
1864,10,97.4,Autumn
1864,11,156.6,Autumn
1864,12,81.8,Winter
1865,1,120.4,Winter
1865,2,92.1,Winter
1865,3,78.6,Spring
1865,4,36.2,Spring
1865,5,111.1,Spring
1865,6,26.0,Summer
1865,7,85.2,Summer
1865,8,126.5,Summer
1865,9,29.6,Autumn
1865,10,144.7,Autumn
1865,11,161.3,Autumn
1865,12,127.2,Winter
1866,1,146.9,Winter
1866,2,84.6,Winter
1866,3,100.3,Spring
1866,4,68.4,Spring
1866,5,46.5,Spring
1866,6,89.2,Summer
1866,7,47.7,Summer
1866,8,112.0,Summer
1866,9,129.2,Autumn
1866,10,69.2,Autumn
1866,11,89.2,Autumn
1866,12,118.4,Winter
1867,1,104.6,Winter
1867,2,89.6,Winter
1867,3,83.3,Spring
1867,4,97.1,Spring
1867,5,106.9,Spring
1867,6,33.8,Summer
1867,7,99.6,Summer
1867,8,85.8,Summer
1867,9,71.9,Autumn
1867,10,144.9,Autumn
1867,11,32.5,Autumn
1867,12,62.7,Winter
1868,1,132.1,Winter
1868,2,80.2,Winter
1868,3,104.7,Spring
1868,4,69.1,Spring
1868,5,69.7,Spring
1868,6,35.0,Summer
1868,7,40.8,Summer
1868,8,130.1,Summer
1868,9,91.5,Autumn
1868,10,92.1,Autumn
1868,11,109.3,Autumn
1868,12,192.8,Winter
1869,1,149.5,Winter
1869,2,101.3,Winter
1869,3,76.2,Spring
1869,4,73.3,Spring
1869,5,95.5,Spring
1869,6,28.1,Summer
1869,7,62.4,Summer
1869,8,42.6,Summer
1869,9,159.3,Autumn
1869,10,41.8,Autumn
1869,11,103.0,Autumn
1869,12,142.2,Winter
1870,1,106.6,Winter
1870,2,79.0,Winter
1870,3,60.0,Spring
1870,4,41.0,Spring
1870,5,74.5,Spring
1870,6,31.6,Summer
1870,7,41.5,Summer
1870,8,60.4,Summer
1870,9,81.8,Autumn
1870,10,207.1,Autumn
1870,11,69.3,Autumn
1870,12,76.1,Winter
1871,1,125.9,Winter
1871,2,93.7,Winter
1871,3,69.3,Spring
1871,4,106.2,Spring
1871,5,26.3,Spring
1871,6,81.6,Summer
1871,7,148.2,Summer
1871,8,74.8,Summer
1871,9,83.3,Autumn
1871,10,111.0,Autumn
1871,11,80.0,Autumn
1871,12,76.1,Winter
1872,1,152.9,Winter
1872,2,117.6,Winter
1872,3,89.5,Spring
1872,4,69.3,Spring
1872,5,56.7,Spring
1872,6,110.5,Summer
1872,7,88.2,Summer
1872,8,115.7,Summer
1872,9,124.6,Autumn
1872,10,140.0,Autumn
1872,11,145.2,Autumn
1872,12,194.7,Winter
1873,1,160.0,Winter
1873,2,43.9,Winter
1873,3,91.7,Spring
1873,4,38.8,Spring
1873,5,57.6,Spring
1873,6,50.0,Summer
1873,7,134.0,Summer
1873,8,151.7,Summer
1873,9,94.5,Autumn
1873,10,112.7,Autumn
1873,11,75.2,Autumn
1873,12,35.4,Winter
1874,1,81.2,Winter
1874,2,80.6,Winter
1874,3,54.1,Spring
1874,4,62.0,Spring
1874,5,38.9,Spring
1874,6,43.0,Summer
1874,7,82.0,Summer
1874,8,120.5,Summer
1874,9,107.6,Autumn
1874,10,137.9,Autumn
1874,11,118.7,Autumn
1874,12,122.4,Winter
1875,1,166.6,Winter
1875,2,53.1,Winter
1875,3,40.6,Spring
1875,4,35.4,Spring
1875,5,67.9,Spring
1875,6,94.8,Summer
1875,7,79.0,Summer
1875,8,81.6,Summer
1875,9,149.1,Autumn
1875,10,173.1,Autumn
1875,11,118.5,Autumn
1875,12,66.1,Winter
1876,1,56.0,Winter
1876,2,134.4,Winter
1876,3,111.2,Spring
1876,4,81.4,Spring
1876,5,20.1,Spring
1876,6,51.8,Summer
1876,7,51.9,Summer
1876,8,103.3,Summer
1876,9,125.7,Autumn
1876,10,134.8,Autumn
1876,11,131.2,Autumn
1876,12,205.0,Winter
1877,1,170.9,Winter
1877,2,74.2,Winter
1877,3,86.2,Spring
1877,4,118.2,Spring
1877,5,76.3,Spring
1877,6,83.4,Summer
1877,7,82.8,Summer
1877,8,141.5,Summer
1877,9,79.3,Autumn
1877,10,136.3,Autumn
1877,11,162.4,Autumn
1877,12,118.4,Winter
1878,1,94.8,Winter
1878,2,62.4,Winter
1878,3,46.3,Spring
1878,4,75.4,Spring
1878,5,122.0,Spring
1878,6,133.9,Summer
1878,7,40.5,Summer
1878,8,114.8,Summer
1878,9,92.7,Autumn
1878,10,107.7,Autumn
1878,11,66.1,Autumn
1878,12,67.4,Winter
1879,1,101.7,Winter
1879,2,120.4,Winter
1879,3,55.1,Spring
1879,4,70.5,Spring
1879,5,71.0,Spring
1879,6,155.0,Summer
1879,7,119.9,Summer
1879,8,122.6,Summer
1879,9,121.6,Autumn
1879,10,47.4,Autumn
1879,11,28.6,Autumn
1879,12,56.5,Winter
1880,1,47.7,Winter
1880,2,107.4,Winter
1880,3,91.9,Spring
1880,4,100.7,Spring
1880,5,37.4,Spring
1880,6,88.5,Summer
1880,7,146.3,Summer
1880,8,52.0,Summer
1880,9,84.8,Autumn
1880,10,85.8,Autumn
1880,11,133.4,Autumn
1880,12,99.2,Winter
1881,1,36.5,Winter
1881,2,118.1,Winter
1881,3,103.5,Spring
1881,4,45.2,Spring
1881,5,66.8,Spring
1881,6,128.1,Summer
1881,7,69.6,Summer
1881,8,130.3,Summer
1881,9,74.4,Autumn
1881,10,103.8,Autumn
1881,11,146.7,Autumn
1881,12,125.4,Winter
1882,1,80.2,Winter
1882,2,94.5,Winter
1882,3,84.2,Spring
1882,4,117.6,Spring
1882,5,77.3,Spring
1882,6,97.3,Summer
1882,7,138.7,Summer
1882,8,90.8,Summer
1882,9,91.8,Autumn
1882,10,115.7,Autumn
1882,11,148.3,Autumn
1882,12,116.2,Winter
1883,1,167.2,Winter
1883,2,174.4,Winter
1883,3,49.1,Spring
1883,4,66.7,Spring
1883,5,62.3,Spring
1883,6,59.8,Summer
1883,7,108.0,Summer
1883,8,109.7,Summer
1883,9,134.1,Autumn
1883,10,99.4,Autumn
1883,11,127.0,Autumn
1883,12,57.0,Winter
1884,1,145.0,Winter
1884,2,156.7,Winter
1884,3,117.9,Spring
1884,4,45.2,Spring
1884,5,71.9,Spring
1884,6,26.3,Summer
1884,7,94.4,Summer
1884,8,49.6,Summer
1884,9,72.2,Autumn
1884,10,73.1,Autumn
1884,11,97.3,Autumn
1884,12,116.6,Winter
1885,1,98.2,Winter
1885,2,127.0,Winter
1885,3,75.9,Spring
1885,4,90.2,Spring
1885,5,72.4,Spring
1885,6,30.3,Summer
1885,7,56.9,Summer
1885,8,84.0,Summer
1885,9,144.0,Autumn
1885,10,115.2,Autumn
1885,11,74.4,Autumn
1885,12,46.7,Winter
1886,1,112.6,Winter
1886,2,82.6,Winter
1886,3,100.7,Spring
1886,4,62.8,Spring
1886,5,111.8,Spring
1886,6,44.0,Summer
1886,7,103.1,Summer
1886,8,75.6,Summer
1886,9,109.2,Autumn
1886,10,150.9,Autumn
1886,11,91.3,Autumn
1886,12,146.1,Winter
1887,1,102.2,Winter
1887,2,47.4,Winter
1887,3,45.3,Spring
1887,4,49.8,Spring
1887,5,38.8,Spring
1887,6,14.9,Summer
1887,7,71.6,Summer
1887,8,84.4,Summer
1887,9,85.5,Autumn
1887,10,69.9,Autumn
1887,11,94.4,Autumn
1887,12,84.8,Winter
1888,1,89.7,Winter
1888,2,25.7,Winter
1888,3,98.3,Spring
1888,4,55.9,Spring
1888,5,76.7,Spring
1888,6,121.9,Summer
1888,7,139.8,Summer
1888,8,88.4,Summer
1888,9,33.2,Autumn
1888,10,65.0,Autumn
1888,11,129.3,Autumn
1888,12,142.0,Winter
1889,1,90.3,Winter
1889,2,81.1,Winter
1889,3,50.5,Spring
1889,4,74.6,Spring
1889,5,102.7,Spring
1889,6,28.0,Summer
1889,7,63.7,Summer
1889,8,160.4,Summer
1889,9,55.1,Autumn
1889,10,135.2,Autumn
1889,11,57.5,Autumn
1889,12,109.1,Winter
1890,1,143.3,Winter
1890,2,45.7,Winter
1890,3,97.9,Spring
1890,4,45.9,Spring
1890,5,75.9,Spring
1890,6,88.2,Summer
1890,7,73.1,Summer
1890,8,84.7,Summer
1890,9,85.3,Autumn
1890,10,65.0,Autumn
1890,11,171.8,Autumn
1890,12,70.3,Winter
1891,1,58.7,Winter
1891,2,10.1,Winter
1891,3,48.5,Spring
1891,4,61.4,Spring
1891,5,87.7,Spring
1891,6,74.2,Summer
1891,7,53.6,Summer
1891,8,161.3,Summer
1891,9,82.9,Autumn
1891,10,141.8,Autumn
1891,11,103.1,Autumn
1891,12,158.8,Winter
1892,1,70.9,Winter
1892,2,81.0,Winter
1892,3,27.9,Spring
1892,4,32.6,Spring
1892,5,112.3,Spring
1892,6,70.7,Summer
1892,7,90.1,Summer
1892,8,164.6,Summer
1892,9,101.3,Autumn
1892,10,89.7,Autumn
1892,11,134.3,Autumn
1892,12,74.8,Winter
1893,1,88.3,Winter
1893,2,102.2,Winter
1893,3,23.6,Spring
1893,4,29.8,Spring
1893,5,50.0,Spring
1893,6,53.2,Summer
1893,7,74.2,Summer
1893,8,113.7,Summer
1893,9,58.2,Autumn
1893,10,81.4,Autumn
1893,11,65.3,Autumn
1893,12,116.7,Winter
1894,1,131.9,Winter
1894,2,94.9,Winter
1894,3,62.2,Spring
1894,4,107.6,Spring
1894,5,72.3,Spring
1894,6,62.8,Summer
1894,7,114.1,Summer
1894,8,88.7,Summer
1894,9,16.3,Autumn
1894,10,123.3,Autumn
1894,11,116.4,Autumn
1894,12,97.2,Winter
1895,1,103.4,Winter
1895,2,29.8,Winter
1895,3,99.5,Spring
1895,4,57.7,Spring
1895,5,18.3,Spring
1895,6,59.2,Summer
1895,7,124.4,Summer
1895,8,139.0,Summer
1895,9,28.5,Autumn
1895,10,104.3,Autumn
1895,11,141.8,Autumn
1895,12,155.0,Winter
1896,1,48.8,Winter
1896,2,56.5,Winter
1896,3,119.7,Spring
1896,4,35.5,Spring
1896,5,11.2,Spring
1896,6,70.7,Summer
1896,7,148.5,Summer
1896,8,59.9,Summer
1896,9,159.2,Autumn
1896,10,101.0,Autumn
1896,11,34.8,Autumn
1896,12,165.6,Winter
1897,1,73.1,Winter
1897,2,72.5,Winter
1897,3,147.3,Spring
1897,4,112.0,Spring
1897,5,47.8,Spring
1897,6,119.6,Summer
1897,7,60.6,Summer
1897,8,149.4,Summer
1897,9,77.3,Autumn
1897,10,90.1,Autumn
1897,11,127.6,Autumn
1897,12,139.9,Winter
1898,1,78.5,Winter
1898,2,79.1,Winter
1898,3,34.1,Spring
1898,4,109.8,Spring
1898,5,89.4,Spring
1898,6,77.7,Summer
1898,7,31.9,Summer
1898,8,132.8,Summer
1898,9,88.4,Autumn
1898,10,123.5,Autumn
1898,11,122.7,Autumn
1898,12,95.1,Winter
1899,1,133.4,Winter
1899,2,100.1,Winter
1899,3,52.7,Spring
1899,4,98.6,Spring
1899,5,87.8,Spring
1899,6,60.3,Summer
1899,7,77.0,Summer
1899,8,67.9,Summer
1899,9,82.4,Autumn
1899,10,57.9,Autumn
1899,11,92.9,Autumn
1899,12,184.8,Winter
1900,1,114.4,Winter
1900,2,108.9,Winter
1900,3,26.1,Spring
1900,4,67.5,Spring
1900,5,79.9,Spring
1900,6,118.2,Summer
1900,7,75.7,Summer
1900,8,135.3,Summer
1900,9,46.7,Autumn
1900,10,133.9,Autumn
1900,11,166.8,Autumn
1900,12,144.3,Winter
1901,1,108.7,Winter
1901,2,42.9,Winter
1901,3,80.6,Spring
1901,4,81.1,Spring
1901,5,49.1,Spring
1901,6,75.6,Summer
1901,7,33.3,Summer
1901,8,98.6,Summer
1901,9,133.6,Autumn
1901,10,107.6,Autumn
1901,11,96.4,Autumn
1901,12,118.5,Winter
1902,1,70.9,Winter
1902,2,83.5,Winter
1902,3,67.2,Spring
1902,4,73.1,Spring
1902,5,69.5,Spring
1902,6,74.0,Summer
1902,7,80.7,Summer
1902,8,76.2,Summer
1902,9,86.8,Autumn
1902,10,69.9,Autumn
1902,11,144.8,Autumn
1902,12,96.4,Winter
1903,1,161.1,Winter
1903,2,97.8,Winter
1903,3,168.6,Spring
1903,4,49.1,Spring
1903,5,70.7,Spring
1903,6,68.1,Summer
1903,7,129.9,Summer
1903,8,150.5,Summer
1903,9,106.0,Autumn
1903,10,156.0,Autumn
1903,11,73.2,Autumn
1903,12,104.2,Winter
1904,1,120.1,Winter
1904,2,133.1,Winter
1904,3,77.1,Spring
1904,4,60.5,Spring
1904,5,65.3,Spring
1904,6,54.8,Summer
1904,7,99.8,Summer
1904,8,114.2,Summer
1904,9,96.1,Autumn
1904,10,64.9,Autumn
1904,11,75.2,Autumn
1904,12,83.1,Winter
1905,1,75.3,Winter
1905,2,54.1,Winter
1905,3,135.1,Spring
1905,4,77.9,Spring
1905,5,37.3,Spring
1905,6,55.5,Summer
1905,7,49.2,Summer
1905,8,157.4,Summer
1905,9,52.7,Autumn
1905,10,47.7,Autumn
1905,11,113.9,Autumn
1905,12,75.8,Winter
1906,1,135.2,Winter
1906,2,84.4,Winter
1906,3,67.6,Spring
1906,4,52.4,Spring
1906,5,99.0,Spring
1906,6,49.0,Summer
1906,7,64.8,Summer
1906,8,87.1,Summer
1906,9,34.5,Autumn
1906,10,131.7,Autumn
1906,11,72.5,Autumn
1906,12,90.0,Winter
1907,1,47.0,Winter
1907,2,63.6,Winter
1907,3,75.6,Spring
1907,4,75.9,Spring
1907,5,104.7,Spring
1907,6,111.4,Summer
1907,7,69.7,Summer
1907,8,95.8,Summer
1907,9,40.0,Autumn
1907,10,140.7,Autumn
1907,11,92.7,Autumn
1907,12,130.3,Winter
1908,1,84.4,Winter
1908,2,67.2,Winter
1908,3,106.3,Spring
1908,4,67.0,Spring
1908,5,74.4,Spring
1908,6,51.0,Summer
1908,7,81.3,Summer
1908,8,97.7,Summer
1908,9,151.4,Autumn
1908,10,60.5,Autumn
1908,11,73.7,Autumn
1908,12,116.4,Winter
1909,1,72.8,Winter
1909,2,53.1,Winter
1909,3,91.9,Spring
1909,4,128.0,Spring
1909,5,52.0,Spring
1909,6,53.6,Summer
1909,7,75.7,Summer
1909,8,40.4,Summer
1909,9,63.1,Autumn
1909,10,158.4,Autumn
1909,11,49.7,Autumn
1909,12,120.8,Winter
1910,1,101.1,Winter
1910,2,145.4,Winter
1910,3,67.5,Spring
1910,4,67.6,Spring
1910,5,65.0,Spring
1910,6,108.8,Summer
1910,7,88.8,Summer
1910,8,155.0,Summer
1910,9,28.7,Autumn
1910,10,69.9,Autumn
1910,11,114.7,Autumn
1910,12,115.7,Winter
1911,1,46.7,Winter
1911,2,81.8,Winter
1911,3,56.6,Spring
1911,4,67.2,Spring
1911,5,56.2,Spring
1911,6,55.1,Summer
1911,7,80.3,Summer
1911,8,65.2,Summer
1911,9,73.4,Autumn
1911,10,110.6,Autumn
1911,11,130.9,Autumn
1911,12,195.3,Winter
1912,1,114.2,Winter
1912,2,105.3,Winter
1912,3,122.6,Spring
1912,4,34.5,Spring
1912,5,38.5,Spring
1912,6,144.5,Summer
1912,7,117.3,Summer
1912,8,133.5,Summer
1912,9,25.2,Autumn
1912,10,84.2,Autumn
1912,11,75.4,Autumn
1912,12,128.7,Winter
1913,1,173.0,Winter
1913,2,53.2,Winter
1913,3,106.6,Spring
1913,4,104.9,Spring
1913,5,114.2,Spring
1913,6,71.8,Summer
1913,7,24.3,Summer
1913,8,37.1,Summer
1913,9,107.1,Autumn
1913,10,124.3,Autumn
1913,11,120.4,Autumn
1913,12,80.7,Winter
1914,1,59.6,Winter
1914,2,149.9,Winter
1914,3,125.5,Spring
1914,4,45.8,Spring
1914,5,52.1,Spring
1914,6,31.5,Summer
1914,7,85.4,Summer
1914,8,125.8,Summer
1914,9,62.7,Autumn
1914,10,56.3,Autumn
1914,11,117.7,Autumn
1914,12,211.0,Winter
1915,1,102.7,Winter
1915,2,140.3,Winter
1915,3,31.1,Spring
1915,4,55.7,Spring
1915,5,47.3,Spring
1915,6,48.9,Summer
1915,7,134.2,Summer
1915,8,83.2,Summer
1915,9,49.4,Autumn
1915,10,118.4,Autumn
1915,11,89.2,Autumn
1915,12,170.3,Winter
1916,1,75.5,Winter
1916,2,122.5,Winter
1916,3,58.6,Spring
1916,4,94.8,Spring
1916,5,113.8,Spring
1916,6,66.3,Summer
1916,7,59.6,Summer
1916,8,84.5,Summer
1916,9,55.2,Autumn
1916,10,206.2,Autumn
1916,11,162.9,Autumn
1916,12,93.6,Winter
1917,1,62.1,Winter
1917,2,48.4,Winter
1917,3,83.2,Spring
1917,4,48.5,Spring
1917,5,87.6,Spring
1917,6,60.3,Summer
1917,7,67.9,Summer
1917,8,195.7,Summer
1917,9,56.7,Autumn
1917,10,139.6,Autumn
1917,11,99.3,Autumn
1917,12,71.2,Winter
1918,1,102.0,Winter
1918,2,124.1,Winter
1918,3,53.0,Spring
1918,4,38.9,Spring
1918,5,64.3,Spring
1918,6,45.5,Summer
1918,7,100.4,Summer
1918,8,76.3,Summer
1918,9,174.0,Autumn
1918,10,120.7,Autumn
1918,11,97.4,Autumn
1918,12,145.2,Winter
1919,1,116.6,Winter
1919,2,64.3,Winter
1919,3,80.7,Spring
1919,4,48.8,Spring
1919,5,78.7,Spring
1919,6,66.3,Summer
1919,7,34.3,Summer
1919,8,82.0,Summer
1919,9,73.6,Autumn
1919,10,38.0,Autumn
1919,11,73.2,Autumn
1919,12,160.9,Winter
1920,1,144.3,Winter
1920,2,66.9,Winter
1920,3,102.0,Spring
1920,4,102.6,Spring
1920,5,103.5,Spring
1920,6,53.7,Summer
1920,7,125.4,Summer
1920,8,70.3,Summer
1920,9,66.5,Autumn
1920,10,130.4,Autumn
1920,11,105.1,Autumn
1920,12,104.1,Winter
1921,1,110.5,Winter
1921,2,47.2,Winter
1921,3,94.7,Spring
1921,4,26.1,Spring
1921,5,60.5,Spring
1921,6,8.4,Summer
1921,7,106.6,Summer
1921,8,112.5,Summer
1921,9,41.6,Autumn
1921,10,86.3,Autumn
1921,11,110.8,Autumn
1921,12,91.8,Winter
1922,1,120.5,Winter
1922,2,108.7,Winter
1922,3,58.8,Spring
1922,4,82.1,Spring
1922,5,49.6,Spring
1922,6,46.9,Summer
1922,7,93.6,Summer
1922,8,111.6,Summer
1922,9,88.5,Autumn
1922,10,39.1,Autumn
1922,11,50.6,Autumn
1922,12,111.0,Winter
1923,1,82.9,Winter
1923,2,174.1,Winter
1923,3,70.5,Spring
1923,4,97.2,Spring
1923,5,46.2,Spring
1923,6,29.1,Summer
1923,7,79.3,Summer
1923,8,156.8,Summer
1923,9,108.4,Autumn
1923,10,123.1,Autumn
1923,11,97.6,Autumn
1923,12,98.9,Winter
1924,1,152.6,Winter
1924,2,48.3,Winter
1924,3,36.1,Spring
1924,4,86.5,Spring
1924,5,104.3,Spring
1924,6,98.3,Summer
1924,7,107.8,Summer
1924,8,118.7,Summer
1924,9,164.0,Autumn
1924,10,100.4,Autumn
1924,11,111.1,Autumn
1924,12,165.7,Winter
1925,1,118.0,Winter
1925,2,123.0,Winter
1925,3,27.0,Spring
1925,4,106.5,Spring
1925,5,132.2,Spring
1925,6,15.6,Summer
1925,7,89.3,Summer
1925,8,72.8,Summer
1925,9,76.4,Autumn
1925,10,105.5,Autumn
1925,11,73.1,Autumn
1925,12,85.7,Winter
1926,1,183.1,Winter
1926,2,90.9,Winter
1926,3,42.4,Spring
1926,4,63.3,Spring
1926,5,84.9,Spring
1926,6,76.3,Summer
1926,7,79.8,Summer
1926,8,88.3,Summer
1926,9,59.1,Autumn
1926,10,92.0,Autumn
1926,11,145.4,Autumn
1926,12,31.1,Winter
1927,1,127.3,Winter
1927,2,72.7,Winter
1927,3,109.5,Spring
1927,4,48.6,Spring
1927,5,47.7,Spring
1927,6,93.3,Summer
1927,7,97.4,Summer
1927,8,138.8,Summer
1927,9,115.0,Autumn
1927,10,87.5,Autumn
1927,11,101.7,Autumn
1927,12,105.1,Winter
1928,1,155.0,Winter
1928,2,101.2,Winter
1928,3,131.9,Spring
1928,4,68.1,Spring
1928,5,45.5,Spring
1928,6,144.8,Summer
1928,7,50.6,Summer
1928,8,138.9,Summer
1928,9,67.5,Autumn
1928,10,172.5,Autumn
1928,11,146.1,Autumn
1928,12,115.0,Winter
1929,1,56.4,Winter
1929,2,135.2,Winter
1929,3,20.0,Spring
1929,4,34.2,Spring
1929,5,76.3,Spring
1929,6,57.5,Summer
1929,7,100.1,Summer
1929,8,117.3,Summer
1929,9,32.1,Autumn
1929,10,125.9,Autumn
1929,11,160.9,Autumn
1929,12,219.1,Winter
1930,1,155.5,Winter
1930,2,28.8,Winter
1930,3,125.3,Spring
1930,4,53.1,Spring
1930,5,53.3,Spring
1930,6,59.4,Summer
1930,7,89.4,Summer
1930,8,158.7,Summer
1930,9,115.6,Autumn
1930,10,160.5,Autumn
1930,11,121.2,Autumn
1930,12,117.1,Winter
1931,1,83.4,Winter
1931,2,82.9,Winter
1931,3,95.2,Spring
1931,4,78.3,Spring
1931,5,117.7,Spring
1931,6,116.8,Summer
1931,7,103.6,Summer
1931,8,86.2,Summer
1931,9,77.7,Autumn
1931,10,55.6,Autumn
1931,11,197.5,Autumn
1931,12,77.1,Winter
1932,1,122.0,Winter
1932,2,7.3,Winter
1932,3,62.1,Spring
1932,4,86.3,Spring
1932,5,89.7,Spring
1932,6,40.8,Summer
1932,7,119.5,Summer
1932,8,62.2,Summer
1932,9,84.1,Autumn
1932,10,111.4,Autumn
1932,11,61.7,Autumn
1932,12,167.0,Winter
1933,1,93.3,Winter
1933,2,87.8,Winter
1933,3,84.5,Spring
1933,4,44.7,Spring
1933,5,84.3,Spring
1933,6,66.2,Summer
1933,7,76.3,Summer
1933,8,52.1,Summer
1933,9,33.9,Autumn
1933,10,87.9,Autumn
1933,11,50.5,Autumn
1933,12,59.6,Winter
1934,1,108.1,Winter
1934,2,8.3,Winter
1934,3,94.9,Spring
1934,4,80.6,Spring
1934,5,69.1,Spring
1934,6,51.3,Summer
1934,7,54.4,Summer
1934,8,125.9,Summer
1934,9,160.9,Autumn
1934,10,118.3,Autumn
1934,11,43.8,Autumn
1934,12,188.4,Winter
1935,1,41.4,Winter
1935,2,103.1,Winter
1935,3,45.5,Spring
1935,4,84.1,Spring
1935,5,33.2,Spring
1935,6,133.9,Summer
1935,7,27.4,Summer
1935,8,71.5,Summer
1935,9,155.6,Autumn
1935,10,114.4,Autumn
1935,11,128.1,Autumn
1935,12,86.5,Winter
1936,1,144.0,Winter
1936,2,83.2,Winter
1936,3,73.8,Spring
1936,4,49.0,Spring
1936,5,38.6,Spring
1936,6,89.2,Summer
1936,7,169.5,Summer
1936,8,44.5,Summer
1936,9,106.4,Autumn
1936,10,73.3,Autumn
1936,11,110.2,Autumn
1936,12,127.3,Winter
1937,1,174.9,Winter
1937,2,137.3,Winter
1937,3,94.3,Spring
1937,4,82.4,Spring
1937,5,55.5,Spring
1937,6,47.6,Summer
1937,7,117.1,Summer
1937,8,70.8,Summer
1937,9,102.9,Autumn
1937,10,68.6,Autumn
1937,11,69.2,Autumn
1937,12,77.2,Winter
1938,1,131.4,Winter
1938,2,58.7,Winter
1938,3,47.5,Spring
1938,4,5.3,Spring
1938,5,99.6,Spring
1938,6,102.2,Summer
1938,7,134.1,Summer
1938,8,89.4,Summer
1938,9,75.9,Autumn
1938,10,176.0,Autumn
1938,11,159.3,Autumn
1938,12,124.0,Winter
1939,1,130.0,Winter
1939,2,96.9,Winter
1939,3,79.7,Spring
1939,4,48.2,Spring
1939,5,30.4,Spring
1939,6,59.8,Summer
1939,7,119.1,Summer
1939,8,50.4,Summer
1939,9,59.1,Autumn
1939,10,86.0,Autumn
1939,11,193.5,Autumn
1939,12,84.0,Winter
1940,1,106.2,Winter
1940,2,127.5,Winter
1940,3,95.0,Spring
1940,4,97.9,Spring
1940,5,47.8,Spring
1940,6,35.5,Summer
1940,7,95.2,Summer
1940,8,18.2,Summer
1940,9,65.3,Autumn
1940,10,177.0,Autumn
1940,11,139.4,Autumn
1940,12,114.6,Winter
1941,1,106.3,Winter
1941,2,107.6,Winter
1941,3,86.8,Spring
1941,4,45.4,Spring
1941,5,68.9,Spring
1941,6,25.2,Summer
1941,7,75.4,Summer
1941,8,93.6,Summer
1941,9,32.0,Autumn
1941,10,92.3,Autumn
1941,11,167.5,Autumn
1941,12,62.4,Winter
1942,1,150.3,Winter
1942,2,39.2,Winter
1942,3,97.6,Spring
1942,4,62.5,Spring
1942,5,112.8,Spring
1942,6,13.1,Summer
1942,7,93.3,Summer
1942,8,124.7,Summer
1942,9,116.0,Autumn
1942,10,66.1,Autumn
1942,11,24.2,Autumn
1942,12,140.1,Winter
1943,1,175.8,Winter
1943,2,55.2,Winter
1943,3,33.5,Spring
1943,4,54.9,Spring
1943,5,103.5,Spring
1943,6,80.3,Summer
1943,7,61.8,Summer
1943,8,119.4,Summer
1943,9,96.4,Autumn
1943,10,125.7,Autumn
1943,11,80.6,Autumn
1943,12,72.3,Winter
1944,1,108.9,Winter
1944,2,36.9,Winter
1944,3,16.9,Spring
1944,4,68.4,Spring
1944,5,45.6,Spring
1944,6,58.2,Summer
1944,7,97.1,Summer
1944,8,77.5,Summer
1944,9,132.9,Autumn
1944,10,139.1,Autumn
1944,11,160.3,Autumn
1944,12,120.9,Winter
1945,1,88.2,Winter
1945,2,102.8,Winter
1945,3,42.3,Spring
1945,4,43.0,Spring
1945,5,98.5,Spring
1945,6,108.8,Summer
1945,7,114.4,Summer
1945,8,59.1,Summer
1945,9,92.1,Autumn
1945,10,105.4,Autumn
1945,11,34.2,Autumn
1945,12,137.4,Winter
1946,1,125.4,Winter
1946,2,88.0,Winter
1946,3,59.2,Spring
1946,4,34.1,Spring
1946,5,64.7,Spring
1946,6,99.3,Summer
1946,7,88.1,Summer
1946,8,150.8,Summer
1946,9,162.9,Autumn
1946,10,68.7,Autumn
1946,11,136.6,Autumn
1946,12,136.3,Winter
1947,1,135.9,Winter
1947,2,71.9,Winter
1947,3,184.8,Spring
1947,4,104.9,Spring
1947,5,115.2,Spring
1947,6,122.9,Summer
1947,7,92.0,Summer
1947,8,27.8,Summer
1947,9,79.7,Autumn
1947,10,71.7,Autumn
1947,11,134.6,Autumn
1947,12,106.0,Winter
1948,1,200.5,Winter
1948,2,67.6,Winter
1948,3,74.8,Spring
1948,4,65.5,Spring
1948,5,59.9,Spring
1948,6,91.0,Summer
1948,7,70.8,Summer
1948,8,98.2,Summer
1948,9,93.6,Autumn
1948,10,106.8,Autumn
1948,11,94.0,Autumn
1948,12,199.0,Winter
1949,1,71.6,Winter
1949,2,71.5,Winter
1949,3,57.5,Spring
1949,4,75.9,Spring
1949,5,60.9,Spring
1949,6,30.8,Summer
1949,7,62.3,Summer
1949,8,104.1,Summer
1949,9,63.4,Autumn
1949,10,157.2,Autumn
1949,11,102.5,Autumn
1949,12,115.2,Winter
1950,1,68.8,Winter
1950,2,138.7,Winter
1950,3,57.6,Spring
1950,4,89.0,Spring
1950,5,31.8,Spring
1950,6,61.2,Summer
1950,7,126.1,Summer
1950,8,152.1,Summer
1950,9,164.1,Autumn
1950,10,88.3,Autumn
1950,11,93.5,Autumn
1950,12,99.2,Winter
1951,1,125.4,Winter
1951,2,98.6,Winter
1951,3,85.8,Spring
1951,4,49.7,Spring
1951,5,56.6,Spring
1951,6,53.6,Summer
1951,7,68.9,Summer
1951,8,134.6,Summer
1951,9,128.7,Autumn
1951,10,53.3,Autumn
1951,11,153.6,Autumn
1951,12,162.3,Winter
1952,1,127.0,Winter
1952,2,24.9,Winter
1952,3,67.6,Spring
1952,4,64.3,Spring
1952,5,65.2,Spring
1952,6,63.5,Summer
1952,7,33.0,Summer
1952,8,100.0,Summer
1952,9,53.6,Autumn
1952,10,145.7,Autumn
1952,11,79.7,Autumn
1952,12,104.7,Winter
1953,1,40.3,Winter
1953,2,47.5,Winter
1953,3,19.9,Spring
1953,4,72.9,Spring
1953,5,59.8,Spring
1953,6,43.6,Summer
1953,7,129.0,Summer
1953,8,96.0,Summer
1953,9,107.8,Autumn
1953,10,88.0,Autumn
1953,11,104.3,Autumn
1953,12,87.8,Winter
1954,1,79.4,Winter
1954,2,117.0,Winter
1954,3,101.5,Spring
1954,4,28.7,Spring
1954,5,104.3,Spring
1954,6,65.9,Summer
1954,7,89.4,Summer
1954,8,79.1,Summer
1954,9,129.3,Autumn
1954,10,173.9,Autumn
1954,11,145.0,Autumn
1954,12,128.0,Winter
1955,1,111.9,Winter
1955,2,100.7,Winter
1955,3,39.6,Spring
1955,4,71.5,Spring
1955,5,91.7,Spring
1955,6,129.2,Summer
1955,7,18.9,Summer
1955,8,47.1,Summer
1955,9,83.0,Autumn
1955,10,58.9,Autumn
1955,11,87.7,Autumn
1955,12,138.8,Winter
1956,1,106.8,Winter
1956,2,35.2,Winter
1956,3,86.4,Spring
1956,4,29.2,Spring
1956,5,44.7,Spring
1956,6,78.1,Summer
1956,7,119.8,Summer
1956,8,141.2,Summer
1956,9,122.6,Autumn
1956,10,73.9,Autumn
1956,11,66.7,Autumn
1956,12,161.5,Winter
1957,1,127.1,Winter
1957,2,92.4,Winter
1957,3,128.7,Spring
1957,4,33.1,Spring
1957,5,59.5,Spring
1957,6,47.1,Summer
1957,7,100.2,Summer
1957,8,87.9,Summer
1957,9,166.0,Autumn
1957,10,110.1,Autumn
1957,11,44.0,Autumn
1957,12,112.7,Winter
1958,1,131.4,Winter
1958,2,121.0,Winter
1958,3,81.3,Spring
1958,4,34.5,Spring
1958,5,110.0,Spring
1958,6,127.9,Summer
1958,7,121.2,Summer
1958,8,141.8,Summer
1958,9,139.9,Autumn
1958,10,71.9,Autumn
1958,11,69.1,Autumn
1958,12,130.9,Winter
1959,1,84.7,Winter
1959,2,30.3,Winter
1959,3,95.7,Spring
1959,4,83.5,Spring
1959,5,54.9,Spring
1959,6,62.9,Summer
1959,7,63.1,Summer
1959,8,32.2,Summer
1959,9,38.2,Autumn
1959,10,146.0,Autumn
1959,11,121.9,Autumn
1959,12,201.8,Winter
1960,1,116.1,Winter
1960,2,95.6,Winter
1960,3,83.4,Spring
1960,4,74.5,Spring
1960,5,69.8,Spring
1960,6,71.5,Summer
1960,7,144.9,Summer
1960,8,119.4,Summer
1960,9,119.5,Autumn
1960,10,140.2,Autumn
1960,11,167.1,Autumn
1960,12,126.1,Winter
1961,1,156.4,Winter
1961,2,93.5,Winter
1961,3,21.9,Spring
1961,4,135.6,Spring
1961,5,52.1,Spring
1961,6,48.1,Summer
1961,7,81.3,Summer
1961,8,71.7,Summer
1961,9,123.4,Autumn
1961,10,118.3,Autumn
1961,11,76.3,Autumn
1961,12,89.5,Winter
1962,1,127.4,Winter
1962,2,47.0,Winter
1962,3,89.7,Spring
1962,4,64.5,Spring
1962,5,77.2,Spring
1962,6,46.1,Summer
1962,7,70.6,Summer
1962,8,112.1,Summer
1962,9,145.9,Autumn
1962,10,52.7,Autumn
1962,11,80.7,Autumn
1962,12,102.9,Winter
1963,1,29.2,Winter
1963,2,67.0,Winter
1963,3,142.0,Spring
1963,4,77.4,Spring
1963,5,69.9,Spring
1963,6,70.3,Summer
1963,7,70.8,Summer
1963,8,103.8,Summer
1963,9,66.1,Autumn
1963,10,129.9,Autumn
1963,11,170.6,Autumn
1963,12,52.3,Winter
1964,1,43.1,Winter
1964,2,64.5,Winter
1964,3,130.6,Spring
1964,4,72.7,Spring
1964,5,79.7,Spring
1964,6,82.1,Summer
1964,7,72.1,Summer
1964,8,110.8,Summer
1964,9,75.4,Autumn
1964,10,109.3,Autumn
1964,11,71.5,Autumn
1964,12,142.5,Winter
1965,1,139.4,Winter
1965,2,9.8,Winter
1965,3,95.8,Spring
1965,4,81.1,Spring
1965,5,82.3,Spring
1965,6,104.3,Summer
1965,7,86.4,Summer
1965,8,93.8,Summer
1965,9,96.1,Autumn
1965,10,68.7,Autumn
1965,11,161.1,Autumn
1965,12,159.7,Winter
1966,1,116.5,Winter
1966,2,173.8,Winter
1966,3,57.8,Spring
1966,4,143.2,Spring
1966,5,87.5,Spring
1966,6,104.0,Summer
1966,7,51.7,Summer
1966,8,80.6,Summer
1966,9,83.9,Autumn
1966,10,146.4,Autumn
1966,11,72.4,Autumn
1966,12,121.4,Winter
1967,1,84.6,Winter
1967,2,109.3,Winter
1967,3,64.7,Spring
1967,4,37.3,Spring
1967,5,132.5,Spring
1967,6,29.8,Summer
1967,7,83.2,Summer
1967,8,97.8,Summer
1967,9,134.9,Autumn
1967,10,171.3,Autumn
1967,11,80.7,Autumn
1967,12,74.9,Winter
1968,1,121.4,Winter
1968,2,38.7,Winter
1968,3,76.0,Spring
1968,4,73.8,Spring
1968,5,64.4,Spring
1968,6,66.1,Summer
1968,7,37.0,Summer
1968,8,77.1,Summer
1968,9,144.2,Autumn
1968,10,129.5,Autumn
1968,11,125.5,Autumn
1968,12,150.3,Winter
1969,1,174.2,Winter
1969,2,59.4,Winter
1969,3,52.9,Spring
1969,4,65.9,Spring
1969,5,94.2,Spring
1969,6,68.7,Summer
1969,7,45.5,Summer
1969,8,54.4,Summer
1969,9,45.4,Autumn
1969,10,51.9,Autumn
1969,11,110.6,Autumn
1969,12,116.9,Winter
1970,1,127.8,Winter
1970,2,114.6,Winter
1970,3,57.6,Spring
1970,4,89.1,Spring
1970,5,32.0,Spring
1970,6,50.1,Summer
1970,7,91.6,Summer
1970,8,76.6,Summer
1970,9,110.6,Autumn
1970,10,81.2,Autumn
1970,11,165.8,Autumn
1970,12,56.1,Winter
1971,1,102.1,Winter
1971,2,59.2,Winter
1971,3,58.5,Spring
1971,4,55.6,Spring
1971,5,53.7,Spring
1971,6,79.1,Summer
1971,7,66.3,Summer
1971,8,90.2,Summer
1971,9,41.9,Autumn
1971,10,85.6,Autumn
1971,11,96.7,Autumn
1971,12,55.3,Winter
1972,1,144.7,Winter
1972,2,100.5,Winter
1972,3,90.9,Spring
1972,4,75.6,Spring
1972,5,113.2,Spring
1972,6,71.7,Summer
1972,7,59.4,Summer
1972,8,54.7,Summer
1972,9,16.9,Autumn
1972,10,66.4,Autumn
1972,11,134.8,Autumn
1972,12,128.5,Winter
1973,1,100.7,Winter
1973,2,77.4,Winter
1973,3,33.9,Spring
1973,4,48.1,Spring
1973,5,99.5,Spring
1973,6,37.4,Summer
1973,7,68.2,Summer
1973,8,104.9,Summer
1973,9,109.8,Autumn
1973,10,68.2,Autumn
1973,11,122.3,Autumn
1973,12,108.4,Winter
1974,1,205.1,Winter
1974,2,108.1,Winter
1974,3,51.9,Spring
1974,4,37.4,Spring
1974,5,95.7,Spring
1974,6,40.5,Summer
1974,7,88.5,Summer
1974,8,98.1,Summer
1974,9,166.2,Autumn
1974,10,55.1,Autumn
1974,11,98.8,Autumn
1974,12,91.6,Winter
1975,1,162.5,Winter
1975,2,49.3,Winter
1975,3,49.4,Spring
1975,4,61.3,Spring
1975,5,26.4,Spring
1975,6,20.6,Summer
1975,7,70.5,Summer
1975,8,48.1,Summer
1975,9,134.2,Autumn
1975,10,118.4,Autumn
1975,11,89.9,Autumn
1975,12,41.0,Winter
1976,1,109.3,Winter
1976,2,56.2,Winter
1976,3,95.5,Spring
1976,4,28.9,Spring
1976,5,96.7,Spring
1976,6,50.2,Summer
1976,7,74.7,Summer
1976,8,12.0,Summer
1976,9,116.9,Autumn
1976,10,178.8,Autumn
1976,11,89.5,Autumn
1976,12,102.0,Winter
1977,1,104.6,Winter
1977,2,174.0,Winter
1977,3,108.4,Spring
1977,4,72.6,Spring
1977,5,28.5,Spring
1977,6,58.3,Summer
1977,7,45.0,Summer
1977,8,94.8,Summer
1977,9,68.5,Autumn
1977,10,165.8,Autumn
1977,11,120.4,Autumn
1977,12,123.0,Winter
1978,1,112.6,Winter
1978,2,108.5,Winter
1978,3,111.6,Spring
1978,4,54.4,Spring
1978,5,24.2,Spring
1978,6,58.5,Summer
1978,7,72.5,Summer
1978,8,97.6,Summer
1978,9,68.3,Autumn
1978,10,50.1,Autumn
1978,11,115.1,Autumn
1978,12,226.4,Winter
1979,1,94.9,Winter
1979,2,73.9,Winter
1979,3,100.4,Spring
1979,4,74.2,Spring
1979,5,108.9,Spring
1979,6,57.8,Summer
1979,7,33.1,Summer
1979,8,119.0,Summer
1979,9,59.9,Autumn
1979,10,140.3,Autumn
1979,11,128.9,Autumn
1979,12,165.3,Winter
1980,1,117.0,Winter
1980,2,118.9,Winter
1980,3,105.1,Spring
1980,4,25.0,Spring
1980,5,35.3,Spring
1980,6,84.1,Summer
1980,7,95.4,Summer
1980,8,106.6,Summer
1980,9,136.6,Autumn
1980,10,144.7,Autumn
1980,11,108.2,Autumn
1980,12,117.5,Winter
1981,1,63.0,Winter
1981,2,88.9,Winter
1981,3,150.5,Spring
1981,4,34.4,Spring
1981,5,155.3,Spring
1981,6,85.2,Summer
1981,7,51.9,Summer
1981,8,31.5,Summer
1981,9,165.7,Autumn
1981,10,106.2,Autumn
1981,11,88.6,Autumn
1981,12,127.4,Winter
1982,1,105.0,Winter
1982,2,112.1,Winter
1982,3,113.2,Spring
1982,4,31.7,Spring
1982,5,71.9,Spring
1982,6,131.4,Summer
1982,7,20.3,Summer
1982,8,94.3,Summer
1982,9,114.0,Autumn
1982,10,156.6,Autumn
1982,11,162.7,Autumn
1982,12,137.6,Winter
1983,1,127.0,Winter
1983,2,59.4,Winter
1983,3,101.3,Spring
1983,4,77.6,Spring
1983,5,110.0,Spring
1983,6,55.6,Summer
1983,7,25.5,Summer
1983,8,66.8,Summer
1983,9,126.1,Autumn
1983,10,123.0,Autumn
1983,11,45.0,Autumn
1983,12,151.7,Winter
1984,1,180.2,Winter
1984,2,84.9,Winter
1984,3,64.7,Spring
1984,4,45.5,Spring
1984,5,31.9,Spring
1984,6,45.1,Summer
1984,7,41.9,Summer
1984,8,81.7,Summer
1984,9,99.4,Autumn
1984,10,122.3,Autumn
1984,11,146.1,Autumn
1984,12,118.1,Winter
1985,1,78.6,Winter
1985,2,73.7,Winter
1985,3,107.0,Spring
1985,4,69.0,Spring
1985,5,87.4,Spring
1985,6,79.7,Summer
1985,7,87.0,Summer
1985,8,191.5,Summer
1985,9,97.5,Autumn
1985,10,59.9,Autumn
1985,11,92.2,Autumn
1985,12,124.1,Winter
1986,1,136.2,Winter
1986,2,6.5,Winter
1986,3,121.1,Spring
1986,4,74.1,Spring
1986,5,124.0,Spring
1986,6,95.4,Summer
1986,7,68.1,Summer
1986,8,174.7,Summer
1986,9,7.5,Autumn
1986,10,99.9,Autumn
1986,11,138.4,Autumn
1986,12,179.3,Winter
1987,1,56.0,Winter
1987,2,79.7,Winter
1987,3,101.6,Spring
1987,4,73.6,Spring
1987,5,32.2,Spring
1987,6,107.6,Summer
1987,7,47.5,Summer
1987,8,83.7,Summer
1987,9,111.0,Autumn
1987,10,144.5,Autumn
1987,11,79.1,Autumn
1987,12,100.7,Winter
1988,1,194.6,Winter
1988,2,79.9,Winter
1988,3,114.7,Spring
1988,4,42.2,Spring
1988,5,83.0,Spring
1988,6,49.4,Summer
1988,7,131.1,Summer
1988,8,120.5,Summer
1988,9,80.2,Autumn
1988,10,150.3,Autumn
1988,11,55.5,Autumn
1988,12,72.8,Winter
1989,1,89.2,Winter
1989,2,102.2,Winter
1989,3,134.3,Spring
1989,4,83.6,Spring
1989,5,20.9,Spring
1989,6,65.4,Summer
1989,7,23.8,Summer
1989,8,105.8,Summer
1989,9,59.9,Autumn
1989,10,147.0,Autumn
1989,11,60.0,Autumn
1989,12,119.1,Winter
1990,1,135.3,Winter
1990,2,192.5,Winter
1990,3,38.2,Spring
1990,4,52.0,Spring
1990,5,37.3,Spring
1990,6,101.6,Summer
1990,7,58.4,Summer
1990,8,71.5,Summer
1990,9,39.7,Autumn
1990,10,178.6,Autumn
1990,11,74.8,Autumn
1990,12,121.0,Winter
1991,1,103.4,Winter
1991,2,89.0,Winter
1991,3,109.3,Spring
1991,4,121.3,Spring
1991,5,7.7,Spring
1991,6,91.9,Summer
1991,7,65.2,Summer
1991,8,39.7,Summer
1991,9,79.0,Autumn
1991,10,125.3,Autumn
1991,11,120.7,Autumn
1991,12,63.2,Winter
1992,1,66.7,Winter
1992,2,71.6,Winter
1992,3,107.9,Spring
1992,4,103.1,Spring
1992,5,55.8,Spring
1992,6,39.4,Summer
1992,7,101.0,Summer
1992,8,142.3,Summer
1992,9,97.8,Autumn
1992,10,56.3,Autumn
1992,11,131.6,Autumn
1992,12,86.8,Winter
1993,1,133.2,Winter
1993,2,27.7,Winter
1993,3,67.1,Spring
1993,4,104.3,Spring
1993,5,135.0,Spring
1993,6,95.7,Summer
1993,7,87.8,Summer
1993,8,46.1,Summer
1993,9,135.0,Autumn
1993,10,62.5,Autumn
1993,11,84.8,Autumn
1993,12,187.1,Winter
1994,1,148.3,Winter
1994,2,154.0,Winter
1994,3,119.6,Spring
1994,4,97.9,Spring
1994,5,67.9,Spring
1994,6,55.4,Summer
1994,7,91.9,Summer
1994,8,83.3,Summer
1994,9,87.3,Autumn
1994,10,69.7,Autumn
1994,11,102.3,Autumn
1994,12,159.0,Winter
1995,1,172.6,Winter
1995,2,140.1,Winter
1995,3,97.9,Spring
1995,4,33.0,Spring
1995,5,68.3,Spring
1995,6,31.7,Summer
1995,7,86.3,Summer
1995,8,13.0,Summer
1995,9,66.5,Autumn
1995,10,164.1,Autumn
1995,11,136.2,Autumn
1995,12,94.1,Winter
1996,1,146.3,Winter
1996,2,109.6,Winter
1996,3,106.2,Spring
1996,4,93.9,Spring
1996,5,70.1,Spring
1996,6,40.8,Summer
1996,7,64.5,Summer
1996,8,110.8,Summer
1996,9,37.9,Autumn
1996,10,169.3,Autumn
1996,11,126.5,Autumn
1996,12,52.0,Winter
1997,1,35.2,Winter
1997,2,134.6,Winter
1997,3,36.4,Spring
1997,4,41.5,Spring
1997,5,82.5,Spring
1997,6,119.1,Summer
1997,7,77.0,Summer
1997,8,157.2,Summer
1997,9,61.6,Autumn
1997,10,90.1,Autumn
1997,11,162.4,Autumn
1997,12,128.8,Winter
1998,1,144.4,Winter
1998,2,40.4,Winter
1998,3,90.9,Spring
1998,4,124.0,Spring
1998,5,39.7,Spring
1998,6,132.4,Summer
1998,7,83.7,Summer
1998,8,82.7,Summer
1998,9,96.0,Autumn
1998,10,157.4,Autumn
1998,11,130.3,Autumn
1998,12,135.6,Winter
1999,1,135.5,Winter
1999,2,61.6,Winter
1999,3,59.7,Spring
1999,4,92.1,Spring
1999,5,60.5,Spring
1999,6,56.2,Summer
1999,7,44.1,Summer
1999,8,109.5,Summer
1999,9,173.6,Autumn
1999,10,65.1,Autumn
1999,11,102.6,Autumn
1999,12,192.8,Winter
2000,1,66.3,Winter
2000,2,111.7,Winter
2000,3,35.7,Spring
2000,4,79.9,Spring
2000,5,66.7,Spring
2000,6,55.3,Summer
2000,7,58.5,Summer
2000,8,81.8,Summer
2000,9,120.8,Autumn
2000,10,180.0,Autumn
2000,11,180.4,Autumn
2000,12,158.6,Winter
2001,1,73.6,Winter
2001,2,80.5,Winter
2001,3,89.2,Spring
2001,4,83.0,Spring
2001,5,40.2,Spring
2001,6,60.8,Summer
2001,7,74.8,Summer
2001,8,106.0,Summer
2001,9,66.2,Autumn
2001,10,130.6,Autumn
2001,11,59.5,Autumn
2001,12,60.3,Winter
2002,1,151.6,Winter
2002,2,160.2,Winter
2002,3,63.3,Spring
2002,4,102.1,Spring
2002,5,139.5,Spring
2002,6,105.7,Summer
2002,7,70.4,Summer
2002,8,61.9,Summer
2002,9,39.3,Autumn
2002,10,199.1,Autumn
2002,11,187.3,Autumn
2002,12,112.9,Winter
2003,1,81.8,Winter
2003,2,65.2,Winter
2003,3,56.6,Spring
2003,4,79.3,Spring
2003,5,112.0,Spring
2003,6,95.8,Summer
2003,7,93.5,Summer
2003,8,17.2,Summer
2003,9,57.2,Autumn
2003,10,61.8,Autumn
2003,11,125.1,Autumn
2003,12,89.3,Winter
2004,1,123.4,Winter
2004,2,52.3,Winter
2004,3,85.9,Spring
2004,4,67.4,Spring
2004,5,47.5,Spring
2004,6,82.4,Summer
2004,7,59.3,Summer
2004,8,122.8,Summer
2004,9,101.9,Autumn
2004,10,166.7,Autumn
2004,11,54.2,Autumn
2004,12,89.5,Winter
2005,1,128.1,Winter
2005,2,51.4,Winter
2005,3,73.6,Spring
2005,4,105.1,Spring
2005,5,86.3,Spring
2005,6,51.9,Summer
2005,7,73.9,Summer
2005,8,65.0,Summer
2005,9,86.6,Autumn
2005,10,146.1,Autumn
2005,11,99.1,Autumn
2005,12,82.7,Winter
2006,1,57.6,Winter
2006,2,54.6,Winter
2006,3,120.3,Spring
2006,4,47.3,Spring
2006,5,126.2,Spring
2006,6,29.8,Summer
2006,7,53.9,Summer
2006,8,70.8,Summer
2006,9,162.6,Autumn
2006,10,145.6,Autumn
2006,11,142.3,Autumn
2006,12,170.5,Winter
2007,1,107.9,Winter
2007,2,107.8,Winter
2007,3,80.3,Spring
2007,4,26.9,Spring
2007,5,65.9,Spring
2007,6,141.3,Summer
2007,7,133.0,Summer
2007,8,100.4,Summer
2007,9,52.8,Autumn
2007,10,52.2,Autumn
2007,11,75.0,Autumn
2007,12,123.1,Winter
2008,1,174.3,Winter
2008,2,58.0,Winter
2008,3,113.5,Spring
2008,4,45.1,Spring
2008,5,42.3,Spring
2008,6,101.9,Summer
2008,7,123.8,Summer
2008,8,175.9,Summer
2008,9,108.2,Autumn
2008,10,152.4,Autumn
2008,11,80.4,Autumn
2008,12,73.7,Winter
2009,1,152.9,Winter
2009,2,36.5,Winter
2009,3,48.7,Spring
2009,4,120.9,Spring
2009,5,90.7,Spring
2009,6,73.2,Summer
2009,7,174.7,Summer
2009,8,148.4,Summer
2009,9,49.4,Autumn
2009,10,129.9,Autumn
2009,11,244.9,Autumn
2009,12,105.4,Winter
2010,1,93.4,Winter
2010,2,52.6,Winter
2010,3,85.6,Spring
2010,4,56.7,Spring
2010,5,47.0,Spring
2010,6,53.8,Summer
2010,7,140.8,Summer
2010,8,43.7,Summer
2010,9,136.1,Autumn
2010,10,80.0,Autumn
2010,11,135.7,Autumn
2010,12,62.3,Winter
2011,1,78.3,Winter
2011,2,120.9,Winter
2011,3,40.7,Spring
2011,4,41.0,Spring
2011,5,96.4,Spring
2011,6,95.8,Summer
2011,7,57.4,Summer
2011,8,64.4,Summer
2011,9,113.6,Autumn
2011,10,154.0,Autumn
2011,11,141.4,Autumn
2011,12,122.6,Winter
2012,1,99.9,Winter
2012,2,49.1,Winter
2012,3,28.6,Spring
2012,4,79.5,Spring
2012,5,55.5,Spring
2012,6,197.1,Summer
2012,7,111.8,Summer
2012,8,143.9,Summer
2012,9,64.9,Autumn
2012,10,107.5,Autumn
2012,11,120.3,Autumn
2012,12,125.6,Winter
2013,1,142.2,Winter
2013,2,61.1,Winter
2013,3,78.7,Spring
2013,4,79.2,Spring
2013,5,81.5,Spring
2013,6,75.6,Summer
2013,7,65.5,Summer
2013,8,65.3,Summer
2013,9,55.0,Autumn
2013,10,165.0,Autumn
2013,11,73.6,Autumn
2013,12,173.8,Winter
2014,1,173.9,Winter
2014,2,199.3,Winter
2014,3,89.8,Spring
2014,4,60.4,Spring
2014,5,85.8,Spring
2014,6,55.8,Summer
2014,7,54.1,Summer
2014,8,123.3,Summer
2014,9,18.7,Autumn
2014,10,140.3,Autumn
2014,11,166.9,Autumn
2014,12,94.4,Winter
2015,1,125.5,Winter
2015,2,68.0,Winter
2015,3,95.0,Spring
2015,4,49.7,Spring
2015,5,133.8,Spring
2015,6,47.2,Summer
2015,7,113.1,Summer
2015,8,105.3,Summer
2015,9,65.7,Autumn
2015,10,71.2,Autumn
2015,11,170.2,Autumn
2015,12,301.3,Winter
2016,1,172.5,Winter
2016,2,130.9,Winter
2016,3,67.8,Spring
2016,4,80.5,Spring
2016,5,64.2,Spring
2016,6,90.2,Summer
2016,7,65.5,Summer
2016,8,79.1,Summer
2016,9,108.1,Autumn
2016,10,51.8,Autumn
2016,11,58.0,Autumn
2016,12,92.1,Winter
